file_name	declared_sections_count	sections_array_count	status	missing_sections_or_error
Aadhaar (Targeted Delivery of Financial and Other Subsidies, Benefits and Services) Act.json	70	70	MISSING	60,61,62,63,64,65,66,67,68,69,70
Absorbed Areas (Laws) Act, 1954.json	4	4	MISSING	4
Academy of Scientific and Innovative Research Act, 2011.json	39	39	MISSING	39
Acquired Territories (Merger) Act, 1960.json	19	19	MISSING	12,13,14,15,16,17,18,19
Acting Judges Act, 1867.json	5	5	MISSING	4,5
Air (Prevention And Control of Pollution) Act, 1981.json	60	60	MISSING	55,56,57,58,59,60
Air Corporations (Transfer of Undertakings and Repeal) Act, 1994.json	13	13	MISSING	13
Airports Authority of India Act, 1994.json	64	64	MISSING	47,48,49,50,51,52,53,54,55,56,57,58,59,60,61,62,63,64
Airports Economic Regulatory Authority of India Act, 2008.json	57	57	MISSING	56,57
Andhra Pradesh Reorganisation Act, 2014.json	116	116	MISSING	109,110,111,112,113,114,115,116
Arbitration Act, 1940.json	57	57	MISSING	50,51,52,53,54,55,56,57
Arbitration and Conciliation Act, 1996.json	195	195	MISSING	88,89,90,91,92,93,94,95,96,97,98,99,100,101,102,103,104,105,106,107,108,109,110,111,112,113,114,115,116,117,118,119,120,121,122,123,124,125,126,127,128,129,130,131,132,133,134,135,136,137,138,139,140,141,142,143,144,145,146,147,148,149,150,151,152,153,154,155,156,157,158,159,160,161,162,163,164,165,166,167,168,169,170,171,172,173,174,175,176,177,178,179,180,181,182,183,184,185,186,187,188,189,190,191,192,193,194,195
Armed Forces (Jammu and Kashmir) Special Powers Act, 1990.json	9	9	MISSING	9
Arms Act, 1959.json	51	51	MISSING	47,48,49,50,51
Army Act, 1950.json	193	193	MISSING	75,76,127
Asian Development Bank Act, 1966.json	14	14	MISSING	8,9,10,11,12,13,14
Asiatic Society Act, 1984.json	18	18	MISSING	16,17,18
Assam University Act, 1989.json	91	91	MISSING	46,47,48,49,50,51,52,53,54,55,56,57,58,59,60,61,62,63,64,65,66,67,68,69,70,71,72,73,74,75,76,77,78,79,80,81,82,83,84,85,86,87,88,89,90,91
Atomic Energy Act, 1962.json	33	33	MISSING	33
Auroville (Emergency Provisions) Repeal Act, 2001.json	3	3	MISSING	3
Authoritative Texts (Central Laws) Act, 1973.json	5	5	MISSING	4,5
Babasaheb Bhimrao Ambedkar University Act, 1994.json	89	89	MISSING	44,45,46,47,48,49,50,51,52,53,54,55,56,57,58,59,60,61,62,63,64,65,66,67,68,69,70,71,72,73,74,75,76,77,78,79,80,81,82,83,84,85,86,87,88,89
Beedi Workers Welfare Cess Act, 1976.json	11	11	MISSING	8,9,10,11
Beedi and Cigar Workers (Condition of Employment) Act, 1966.json	56	56	MISSING	45,46,47,48,49,50,51,52,53,54,55,56
Benami Transactions (Prohibition) Act, 1988.json	72	72	MISSING	43
Bengal Bonded Warehouse Association Act.json	40	40	MISSING	40
Bharat Petroleum Corporation Limited (Determination of Conditions of Service of Employees) Act, 1988.json	10	10	MISSING	7,8,9,10
Bihar Reorganisation Act, 2000.json	96	96	MISSING	93,94,95,96
Bihar Value Added Tax Act, 2005.json	102	102	MISSING	101,102
Boilers Act, 1923.json	38	38	MISSING	3,13,21,36,37,38
Bombay Rent-free Estates Act.json	38	38	MISSING	15,16,17,18,19,20,21,22,23,24,25,26,27,28,29,30,31,32,33,34,35,36,37,38
Building and Other Construction Workers (Regulation of Employment and Conditions of Service) Act, 1996.json	64	64	MISSING	30,39
Cable Television Net Works (Regulation) Act, 1995.json	47	47	MISSING	8,11,24,25,26,27,28,29,30,31,32,33,34,35,36,37,38,39,40,41,42,43,44,45,46,47
Cantonments Act, 2006.json	379	379	MISSING	361,362,363,364,365,366,367,368,369,370,371,372,373,374,375,376,377,378,379
Carriage By Road Act, 2007.json	28	28	MISSING	23,24,25,26,27,28
Cattle Trespass Act, 1871.json	48	48	MISSING	34,35,36,37,38,39,40,41,42,43,44,45,46,47,48
Central Agricultural University Act, 1992.json	90	90	MISSING	44,45,46,47,48,49,50,51,52,53,54,55,56,57,58,59,60,61,62,63,64,65,66,67,68,69,70,71,72,73,74,75,76,77,78,79,80,81,82,83,84,85,86,87,88,89,90
Central Educational Institutions (Reservation In Admission) Act, 2006.json	12	12	MISSING	8,9,10,11,12
Central Goods and Services Tax Act, 2017.json	181	181	MISSING	175,176,177,178,179,180,181
Central Laws (Extension to Arunachal Pradesh) Act, 1993.json	6	6	MISSING	6
Central Road Fund Act, 2000.json	23	23	MISSING	16,17,18,19,20,21,22,23
Central Universities Act, 2009.json	110	110	MISSING	48,49,50,51,52,53,54,55,56,57,58,59,60,61,62,63,64,65,66,67,68,69,70,71,72,73,74,75,76,77,78,79,80,81,82,83,84,85,86,87,88,89,90,91,92,93,94,95,96,97,98,99,100,101,102,103,104,105,106,107,108,109,110
Central Vigilance Commission Act, 2003.json	30	30	MISSING	28,29,30
Cess and Other Taxes on Minerals (Validation) Act, 1992.json	4	4	MISSING	4
Charitable Endowments Act, 1890.json	21	21	MISSING	17,18,19,20,21
Charitable and Religious Trusts Act, 1920.json	13	13	MISSING	13
Chemical Weapons Convention Act, 2000.json	752	752	MISSING	87,88,89,90,91,92,93,94,95,96,97,98,99,100,101,102,103,104,105,106,107,108,109,110,111,112,113,114,115,116,117,118,119,120,121,122,123,124,125,126,127,128,129,130,131,132,133,134,135,136,137,138,139,140,141,142,143,144,145,146,147,148,149,150,151,152,153,154,155,156,157,158,159,160,161,162,163,164,165,166,167,168,169,170,171,172,173,174,175,176,177,178,179,180,181,182,183,184,185,186,187,188,189,190,191,192,193,194,195,196,197,198,199,200,201,202,203,204,205,206,207,208,209,210,211,212,213,214,215,216,217,218,219,220,221,222,223,224,225,226,227,228,229,230,231,232,233,234,235,236,237,238,239,240,241,242,243,244,245,246,247,248,249,250,251,252,253,254,255,256,257,258,259,260,261,262,263,264,265,266,267,268,269,270,271,272,273,274,275,276,277,278,279,280,281,282,283,284,285,286,287,288,289,290,291,292,293,294,295,296,297,298,299,300,301,302,303,304,305,306,307,308,309,310,311,312,313,314,315,316,317,318,319,320,321,322,323,324,325,326,327,328,329,330,331,332,333,334,335,336,337,338,339,340,341,342,343,344,345,346,347,348,349,350,351,352,353,354,355,356,357,358,359,360,361,362,363,364,365,366,367,368,369,370,371,372,373,374,375,376,377,378,379,380,381,382,383,384,385,386,387,388,389,390,391,392,393,394,395,396,397,398,399,400,401,402,403,404,405,406,407,408,409,410,411,412,413,414,415,416,417,418,419,420,421,422,423,424,425,426,427,428,429,430,431,432,433,434,435,436,437,438,439,440,441,442,443,444,445,446,447,448,449,450,451,452,453,454,455,456,457,458,459,460,461,462,463,464,465,466,467,468,469,470,471,472,473,474,475,476,477,478,479,480,481,482,483,484,485,486,487,488,489,490,491,492,493,494,495,496,497,498,499,500,501,502,503,504,505,506,507,508,509,510,511,512,513,514,515,516,517,518,519,520,521,522,523,524,525,526,527,528,529,530,531,532,533,534,535,536,537,538,539,540,541,542,543,544,545,546,547,548,549,550,551,552,553,554,555,556,557,558,559,560,561,562,563,564,565,566,567,568,569,570,571,572,573,574,575,576,577,578,579,580,581,582,583,584,585,586,587,588,589,590,591,592,593,594,595,596,597,598,599,600,601,602,603,604,605,606,607,608,609,610,611,612,613,614,615,616,617,618,619,620,621,622,623,624,625,626,627,628,629,630,631,632,633,634,635,636,637,638,639,640,641,642,643,644,645,646,647,648,649,650,651,652,653,654,655,656,657,658,659,660,661,662,663,664,665,666,667,668,669,670,671,672,673,674,675,676,677,678,679,680,681,682,683,684,685,686,687,688,689,690,691,692,693,694,695,696,697,698,699,700,701,702,703,704,705,706,707,708,709,710,711,712,713,714,715,716,717,718,719,720,721,722,723,724,725,726,727,728,729,730,731,732,733,734,735,736,737,738,739,740,741,742,743,744,745,746,747,748,749,750,751,752
Co-operative Societies Act, 1912.json	54	54	MISSING	51,52,53,54
Coal India Regulation of Transfers and Validation) Act, 2000.json	5	5	MISSING	5
Collection of Statistics Act, 2008.json	36	36	MISSING	35,36
Commercial Courts, Commercial Division and Commercial Appellate Division of High Courts Act, 2015.json	34	34	MISSING	24,25,26,27,28,29,30,31,32,33,34
Commission of Inquiry Act, 1952.json	21	21	MISSING	13,14,15,16,17,18,19,20,21
Commission of Sati (Prevention) Act, 1987.json	25	25	MISSING	23,24,25
Companies Act, 2013.json	471	471	MISSING	471
Company Secretaries Act, 1980.json	59	59	MISSING	41,42,43,44,45,46,47,48,49,50,51,52,53,54,55,56,57,58,59
Competition Act, 2002.json	69	69	MISSING	4,8,9,12,13,17,18,22,26,30,33,36,38,39,42,43,46,58,67,68,69
Conservation of Foreign Exchange and Prevention of Smuggling Activities Act, 1974.json	17	17	MISSING	15,16,17
Court Fees Act, 1870.json	47	47	MISSING	37,38,39,40,41,42,43,44,45,46,47
Credit Information Companies (Regulation) Act, 2005.json	39	39	MISSING	38,39
Criminal Procedure Code.json	923	923	MISSING	490,492,499,503,512,513,514,515,516,517,518,519,520,521,522,523,524,525,526,527,528,529,530,531,532,533,534,535,536,537,538,539,540,541,542,543,544,545,546,547,548,549,550,551,552,553,554,555,556,557,558,559,560,561,562,563,564,565,566,567,568,569,570,571,572,573,574,575,576,577,578,579,580,581,582,583,584,585,586,587,588,589,590,591,592,593,594,595,596,597,598,599,600,601,602,603,604,605,606,607,608,609,610,611,612,613,614,615,616,617,618,619,620,621,622,623,624,625,626,627,628,629,630,631,632,633,634,635,636,637,638,639,640,641,642,643,644,645,646,647,648,649,650,651,652,653,654,655,656,657,658,659,660,661,662,663,664,665,666,667,668,669,670,671,672,673,674,675,676,677,678,679,680,681,682,683,684,685,686,687,688,689,690,691,692,693,694,695,696,697,698,699,700,701,702,703,704,705,706,707,708,709,710,711,712,713,714,715,716,717,718,719,720,721,722,723,724,725,726,727,728,729,730,731,732,733,734,735,736,737,738,739,740,741,742,743,744,745,746,747,748,749,750,751,752,753,754,755,756,757,758,759,760,761,762,763,764,765,766,767,768,769,770,771,772,773,774,775,776,777,778,779,780,781,782,783,784,785,786,787,788,789,790,791,792,793,794,795,796,797,798,799,800,801,802,803,804,805,806,807,808,809,810,811,812,813,814,815,816,817,818,819,820,821,822,823,824,825,826,827,828,829,830,831,832,833,834,835,836,837,838,839,840,841,842,843,844,845,846,847,848,849,850,851,852,853,854,855,856,857,858,859,860,861,862,863,864,865,866,867,868,869,870,871,872,873,874,875,876,877,878,879,880,881,882,883,884,885,886,887,888,889,890,891,892,893,894,895,896,897,898,899,900,901,902,903,904,905,906,907,908,909,910,911,912,913,914,915,916,917,918,919,920,921,922,923
Customs and Central Excise Laws (Repeal) Act, 2004.json	5	5	MISSING	4,5
Dadra and Nagar Haveli Act, 1961.json	20	20	MISSING	15,16,17,18,19,20
Dakshina Bharat Hindi Prachar Sabha Act, 1964.json	8	8	MISSING	8
Damodar Valley Corporation Act, 1948.json	62	62	MISSING	61,62
Decrees and Orders Validating Act, 1936.json	4	4	MISSING	4
Dehra Dun Act, 1871.json	5	5	MISSING	5
Dekkhan Agriculturists Relief Act, 1879.json	10	10	MISSING	3,4,5,7,8,9,10
Delhi Development Authority (Validation of Disciplinary Powers) Act, 1998.json	4	4	MISSING	4
Delhi Rent Act, 1955.json	92	92	MISSING	83,84,85,86,87,88,89,90,91,92
Delimitation Act, 2002.json	18	18	MISSING	13,14,15,16,17,18
Delivery of Books and Newspapers (Public Libraries) Act, 1954.json	9	9	MISSING	9
Dentists Act, 1948.json	66	66	MISSING	56,57,58,59,60,61,62,63,64,65,66
Deposit Insurance and Credit Guarantee Corporation Act, 1961.json	63	63	MISSING	52,53,54,55,56,57,58,59,60,61,62,63
Depositories Act, 1996.json	93	93	MISSING	20,32,33,34,35,36,37,38,39,40,41,42,43,44,45,46,47,48,49,50,51,52,53,54,55,56,57,58,59,60,61,62,63,64,65,66,67,68,69,70,71,72,73,74,75,76,77,78,79,80,81,82,83,84,85,86,87,88,89,90,91,92,93
Destruction of Records Act, 1914.json	13	13	MISSING	8,9,10,11,12,13
Diplomatic Relations (Vienna Convention) Act, 1972.json	41	41	MISSING	12,13,14,15,16,17,18,19,20,21,22,23,24,25,26,27,28,29,30,31,32,33,34,35,36,37,38,39,40,41
Diplomatic and Consular Officers (Oaths and Fees) Act, 1948.json	9	9	MISSING	9
Direct-Tax Laws (Miscellaneous) Repeal Act, 2000.json	4	4	MISSING	4
Dispalced Persons (Debts Adjustment) Act, 1951.json	60	60	MISSING	60
Displaced Persons (Compensation and Rehabilitation) Act, 1954.json	138	138	MISSING	41,42,43,44,45,46,47,48,49,50,51,52,53,54,55,56,57,58,59,60,61,62,63,64,65,66,67,68,69,70,71,72,73,74,75,76,77,78,79,80,81,82,83,84,85,86,87,88,89,90,91,92,93,94,95,96,97,98,99,100,101,102,103,104,105,106,107,108,109,110,111,112,113,114,115,116,117,118,119,120,121,122,123,124,125,126,127,128,129,130,131,132,133,134,135,136,137,138
Disputed Elections (Prime Minister and Speaker) Act, 1977.json	26	26	MISSING	6,22
Dissolution of Muslim Marriage Act, 1939.json	18	18	MISSING	7,8,9,10,11,12,13,14,15,16,17,18
Divorce Act, 1869.json	64	64	MISSING	63,64
Dock Workers (Regulation of Employment) (Inapplicability to Major Ports) Act, 1997.json	5	5	MISSING	5
Dock Workers (Regulation of Employment) Act, 1948.json	18	18	MISSING	10,11,12,13,14,15,16,17,18
Dock Workers (Safety, Health and Welfare) Act, 1986.json	28	28	MISSING	26,27,28
Dowry Prohibition Act, 1961.json	13	13	MISSING	11,12,13
Dr. Rajendra Prasad Central Agricultural University Act, 2016.json	91	91	MISSING	47,48,49,50,51,52,53,54,55,56,57,58,59,60,61,62,63,64,65,66,67,68,69,70,71,72,73,74,75,76,77,78,79,80,81,82,83,84,85,86,87,88,89,90,91
Drugs (Prices Control) Order, 2013.json	66	66	MISSING	33,34,35,36,37,38,39,40,41,42,43,44,45,46,47,48,49,50,51,52,53,54,55,56,57,58,59,60,61,62,63,64,65,66
Drugs and Cosmetics Act, 1940.json	79	79	MISSING	39,40,41,42,43,44,45,46,47,48,49,50,51,52,53,54,55,56,57,58,59,60,61,62,63,64,65,66,67,68,69,70,71,72,73,74,75,76,77,78,79
Drugs and Magic Remedies (Objectionable Advertisements) Act, 1954.json	18	18	MISSING	17,18
Durgah Khwaja Saheb Act, 1955.json	24	24	MISSING	23,24
Easements Act, 1882.json	61	61	MISSING	1,2,3
Election Laws (Extension to Sikkim) Act, 1976.json	5	5	MISSING	4,5
Electricity (Supply) Act, 1948.json	95	95	MISSING	84,85,86,87,88,89,90,91,92,93,94,95
Electricity Act, 2003.json	191	191	MISSING	122,139,147,186,187,188,189,190,191
Electricity Regulatory Commissions Act, 1998.json	63	63	MISSING	62,63
Elephants Preservation Act, 1879.json	11	11	MISSING	11
Emblems and Names (Prevention of Improper Use) Act, 1950.json	36	36	MISSING	28,29,30,31,32,33,34,35,36
Emergency Risks (Undertakings) Insurance Act, 1971.json	21	21	MISSING	19,20,21
Employees' Provident Funds and Miscellaneous Provisions Act, 1952.json	61	61	MISSING	23,24,25,26,27,28,29,30,31,32,33,34,35,36,37,38,39,40,41,42,43,44,45,46,47,48,49,50,51,52,53,54,55,56,57,58,59,60,61
Employees' State Insurance Act, 1948.json	137	137	MISSING	101,102,103,104,105,106,107,108,109,110,111,112,113,114,115,116,117,118,119,120,121,122,123,124,125,126,127,128,129,130,131,132,133,134,135,136,137
Employers' Liability Act, 1938.json	6	6	MISSING	6
Employment of Manual Scavengers and Construction of Dry Latrines (Prohibition) Act, 1993.json	1	1	MISSING	1
Enemy Property Act, 1968.json	32	32	MISSING	26,27,28,29,30,31,32
Energy Conservation Act, 2001.json	82	82	MISSING	63,64,65,66,67,68,69,70,71,72,73,74,75,76,77,78,79,80,81,82
English and Foreign Languages University Act, 2006.json	47	47	MISSING	47
Environment Protection Act, 1986.json	27	27	MISSING	27
Epidemic Diseases Act, 1897.json	12	12	MISSING	5,6,7,8,9,10,11,12
Essential Commodities (Special Provisions) Act, 1981.json	14	14	MISSING	13,14
Essential Commodities (Special Provisions) Continuance Act, 1987.json	4	4	MISSING	4
Essential Commodities Act, 1955.json	29	29	MISSING	17,18,19,20,21,22,23,24,25,26,27,28,29
Essential Services Maintenance Act, 1981.json	15	15	MISSING	15
Esso (Acquisition of Undertakings in India) Act, 1974.json	22	22	MISSING	21,22
Estate Duty (Distribution) Act, 1962.json	5	5	MISSING	5
Exchange of Prisoners Act, 1948.json	11	11	MISSING	11
Excise (Malt Liquors) Act, 1890.json	6	6	MISSING	3,4,5
Excise (Spirits) Act, 1863.json	10	10	MISSING	10
Explosives Act, 1884.json	30	30	MISSING	19,20,21,22,23,24,25,26,27,28,29,30
Explosives Substances Act, 1908.json	8	8	MISSING	8
Export (Quality Control and Inspection) Act, 1963.json	42	42	MISSING	19,20,21,22,23,24,25,26,27,28,29,30,31,32,33,34,35,36,37,38,39,40,41,42
Extradition Act, 1962.json	46	46	MISSING	21,38,39,40,41,42,43,44,45,46
Factories Act, 1948.json	141	141	MISSING	121,122,123,124,125,126,127,128,129,130,131,132,133,134,135,136,137,138,139,140,141
Factoring Regulation Act, 2011.json	37	37	MISSING	36,37
Family Courts Act, 1984.json	24	24	MISSING	24
Fatal Accidents Act, 1855.json	5	5	MISSING	5
Finance Commission (Miscellaneous Provisions) Act, 1951.json	9	9	MISSING	9
Fiscal Responsibility and Budget Management Act, 2003.json	14	14	MISSING	14
Fisheries Act, 1897.json	8	8	MISSING	8
Food Corporations Act, 1964.json	284	284	MISSING	41,42,43,44,45,46,47,48,49,50,51,52,53,54,55,56,57,58,59,60,61,62,63,64,65,66,67,68,69,70,71,72,73,74,75,76,77,78,79,80,81,82,83,84,85,86,87,88,89,90,91,92,93,94,95,96,97,98,99,100,101,102,103,104,105,106,107,108,109,110,111,112,113,114,115,116,117,118,119,120,121,122,123,124,125,126,127,128,129,130,131,132,133,134,135,136,137,138,139,140,141,142,143,144,145,146,147,148,149,150,151,152,153,154,155,156,157,158,159,160,161,162,163,164,165,166,167,168,169,170,171,172,173,174,175,176,177,178,179,180,181,182,183,184,185,186,187,188,189,190,191,192,193,194,195,196,197,198,199,200,201,202,203,204,205,206,207,208,209,210,211,212,213,214,215,216,217,218,219,220,221,222,223,224,225,226,227,228,229,230,231,232,233,234,235,236,237,238,239,240,241,242,243,244,245,246,247,248,249,250,251,252,253,254,255,256,257,258,259,260,261,262,263,264,265,266,267,268,269,270,271,272,273,274,275,276,277,278,279,280,281,282,283,284
Forfeiture Act, 1859.json	17	17	MISSING	3,4,5,6,7,8,9,10,11,12,13,14,15
Goa, Daman and Diu Suits Validation Act, 1965.json	3	3	MISSING	1,2,3
Goods and Services Tax (Compensation to States) Act, 2017.json	22	22	MISSING	15,16,17,18,19,20,21,22
Government Savings Banks Act, 1873.json	16	16	MISSING	2,4,16
Governors (Emoluments, Allowances And Privileges) Act, 1982.json	16	16	MISSING	16
Homoeopathy Central Council Act, 1973.json	111	111	MISSING	34,35,36,37,38,39,40,41,42,43,44,45,46,47,48,49,50,51,52,53,54,55,56,57,58,59,60,61,62,63,64,65,66,67,68,69,70,71,72,73,74,75,76,77,78,79,80,81,82,83,84,85,86,87,88,89,90,91,92,93,94,95,96,97,98,99,100,101,102,103,104,105,106,107,108,109,110,111
Hotel Receipts Tax Act, 1980.json	38	38	MISSING	37,38
Identification of Prisoners Act, 1920.json	18	18	MISSING	10,11,12,13,14,15,16,17,18
Immigrants (Expulsion from Assam) Act, 1950.json	8	8	MISSING	8
Immigration (Carriers' Liability) Act, 2000.json	11	11	MISSING	11
Imports and Exports (Control) Act, 1947.json	26	26	MISSING	9,10,11,12,13,14,15,16,17,18,19,20,21,22,23,24,25,26
Income Tax Act 1961.json	909	909	MISSING	299,300,301,302,303,304,305,306,307,308,309,310,311,312,313,314,315,316,317,318,319,320,321,322,323,324,325,326,327,328,329,330,331,332,333,334,335,336,337,338,339,340,341,342,343,344,345,346,347,348,349,350,351,352,353,354,355,356,357,358,359,360,361,362,363,364,365,366,367,368,369,370,371,372,373,374,375,376,377,378,379,380,381,382,383,384,385,386,387,388,389,390,391,392,393,394,395,396,397,398,399,400,401,402,403,404,405,406,407,408,409,410,411,412,413,414,415,416,417,418,419,420,421,422,423,424,425,426,427,428,429,430,431,432,433,434,435,436,437,438,439,440,441,442,443,444,445,446,447,448,449,450,451,452,453,454,455,456,457,458,459,460,461,462,463,464,465,466,467,468,469,470,471,472,473,474,475,476,477,478,479,480,481,482,483,484,485,486,487,488,489,490,491,492,493,494,495,496,497,498,499,500,501,502,503,504,505,506,507,508,509,510,511,512,513,514,515,516,517,518,519,520,521,522,523,524,525,526,527,528,529,530,531,532,533,534,535,536,537,538,539,540,541,542,543,544,545,546,547,548,549,550,551,552,553,554,555,556,557,558,559,560,561,562,563,564,565,566,567,568,569,570,571,572,573,574,575,576,577,578,579,580,581,582,583,584,585,586,587,588,589,590,591,592,593,594,595,596,597,598,599,600,601,602,603,604,605,606,607,608,609,610,611,612,613,614,615,616,617,618,619,620,621,622,623,624,625,626,627,628,629,630,631,632,633,634,635,636,637,638,639,640,641,642,643,644,645,646,647,648,649,650,651,652,653,654,655,656,657,658,659,660,661,662,663,664,665,666,667,668,669,670,671,672,673,674,675,676,677,678,679,680,681,682,683,684,685,686,687,688,689,690,691,692,693,694,695,696,697,698,699,700,701,702,703,704,705,706,707,708,709,710,711,712,713,714,715,716,717,718,719,720,721,722,723,724,725,726,727,728,729,730,731,732,733,734,735,736,737,738,739,740,741,742,743,744,745,746,747,748,749,750,751,752,753,754,755,756,757,758,759,760,761,762,763,764,765,766,767,768,769,770,771,772,773,774,775,776,777,778,779,780,781,782,783,784,785,786,787,788,789,790,791,792,793,794,795,796,797,798,799,800,801,802,803,804,805,806,807,808,809,810,811,812,813,814,815,816,817,818,819,820,821,822,823,824,825,826,827,828,829,830,831,832,833,834,835,836,837,838,839,840,841,842,843,844,845,846,847,848,849,850,851,852,853,854,855,856,857,858,859,860,861,862,863,864,865,866,867,868,869,870,871,872,873,874,875,876,877,878,879,880,881,882,883,884,885,886,887,888,889,890,891,892,893,894,895,896,897,898,899,900,901,902,903,904,905,906,907,908,909
India (Consequential Provision) Act 1949.json	1	1	MISSING	1
Indian Evidence Act.json	176	176	MISSING	168,169,170,171,172,173,174,175,176
Indian Forest Act, 1927.json	113	113	MISSING	87,88,89,90,91,92,93,94,95,96,97,98,99,100,101,102,103,104,105,106,107,108,109,110,111,112,113
Indian Maritime University Act, 2008.json	98	98	MISSING	51,52,53,54,55,56,57,58,59,60,61,62,63,64,65,66,67,68,69,70,71,72,73,74,75,76,77,78,79,80,81,82,83,84,85,86,87,88,89,90,91,92,93,94,95,96,97,98
Indian Medical Degrees Act,1916.json	13	13	MISSING	9,10,11,12,13
Indian Medicine Central Council Act, 1970.json	144	144	MISSING	37,38,40,45,55,56,74,75,77,79,84,91,93,94,95,97,98,99,100,101,103,104,114,116,117,118,119,120,121,122,123,124,125,126,127,128,129,130,131,132,133,134,135,136,137,138,139,140,141,142,143,144
Indian Penal Code.json	571	571	MISSING	333,512,513,514,515,516,517,518,519,520,521,522,523,524,525,526,527,528,529,530,531,532,533,534,535,536,537,538,539,540,541,542,543,544,545,546,547,548,549,550,551,552,553,554,555,556,557,558,559,560,561,562,563,564,565,566,567,568,569,570,571
Indian Tolls Act, 1851.json	23	23	MISSING	9,10,11,12,13,14,15,16,17,18,19,20,21,22,23
Indian Tolls Act.json	23	23	MISSING	9,10,11,12,13,14,15,16,17,18,19,20,21,22,23
Indian Tramways Act, 1886.json	51	51	MISSING	51
Indira Gandhi National Tribal University Act, 2007.json	92	92	MISSING	51,52,53,54,55,56,57,58,59,60,61,62,63,64,65,66,67,68,69,70,71,72,73,74,75,76,77,78,79,80,81,82,83,84,85,86,87,88,89,90,91,92
Indo-Tibetan Border Police Force Act, 1992.json	158	158	MISSING	158
Industrial Development Bank of India Act, 1964.json	75	75	MISSING	40,41,42,43,44,45,46,47,48,49,50,51,52,53,54,55,56,57,58,59,60,61,62,63,64,65,66,67,68,69,70,71,72,73,74,75
Industrial Disputes (Banking and Insurance Companies) Act, 1949.json	8	8	MISSING	8
Industrial Disputes Act, 1947.json	284	284	MISSING	41,42,43,44,45,46,47,48,49,50,51,52,53,54,55,56,57,58,59,60,61,62,63,64,65,66,67,68,69,70,71,72,73,74,75,76,77,78,79,80,81,82,83,84,85,86,87,88,89,90,91,92,93,94,95,96,97,98,99,100,101,102,103,104,105,106,107,108,109,110,111,112,113,114,115,116,117,118,119,120,121,122,123,124,125,126,127,128,129,130,131,132,133,134,135,136,137,138,139,140,141,142,143,144,145,146,147,148,149,150,151,152,153,154,155,156,157,158,159,160,161,162,163,164,165,166,167,168,169,170,171,172,173,174,175,176,177,178,179,180,181,182,183,184,185,186,187,188,189,190,191,192,193,194,195,196,197,198,199,200,201,202,203,204,205,206,207,208,209,210,211,212,213,214,215,216,217,218,219,220,221,222,223,224,225,226,227,228,229,230,231,232,233,234,235,236,237,238,239,240,241,242,243,244,245,246,247,248,249,250,251,252,253,254,255,256,257,258,259,260,261,262,263,264,265,266,267,268,269,270,271,272,273,274,275,276,277,278,279,280,281,282,283,284
Industrial Employment (Standing Orders) Act, 1946.json	20	20	MISSING	16,17,18,19,20
Industrial Reconstruction Bank of India Act, 1984.json	71	71	MISSING	69
Industries (Development and Regulation) Act, 1951.json	87	87	MISSING	39,40,41,42,43,44,45,46,47,48,49,50,51,52,53,54,55,56,57,58,59,60,61,62,63,64,65,66,67,68,69,70,71,72,73,74,75,76,77,78,79,80,81,82,83,84,85,86,87
Infant Milk Substitutes Feeding Bottles and Infant Foods (Regulation of Product, Supply and Distribution) Act, 1992.json	33	33	MISSING	27,28,29,30,31,32,33
Inland Vessels Act, 1917.json	118	118	MISSING	76,77,78,79,80,81,82,83,84,85,86,87,88,89,90,91,92,93,94,95,96,97,98,99,100,101,102,103,104,106,107,108,109,111,112,113,114,115,116,117,118
Institutes of Technology Act, 1961.json	45	45	MISSING	40,41,42,43,44,45
Inter-State Water Disputes Act, 1956.json	17	17	MISSING	15,16,17
Interest on Delayed Payments to Small Scale and Ancillary Industrial Undertakings Act, 1993.json	22	22	MISSING	12,13,15,16,17,18,19,20,21,22
Interest-Tax Act, 1974.json	38	38	MISSING	31,32,33,34,35,36,37,38
International Development Association (Status, Immunities and Privileges) Act, 1960.json	6	6	MISSING	6
International Finance Corporation (Status, Immunities and Privileges) Act, 1958.json	5	5	MISSING	5
International Monetary Fund and Bank Act, 1945.json	8	8	MISSING	8
Iron Ore Mines, Manganese Ore Mines and Chrome Ore Mines Labour Welfare Cess Act, 1976.json	18	18	MISSING	15,16,17,18
Jammu and Kashmir Suits Validation Act, 1977.json	11	11	MISSING	7
Jute Manufacturers Cess Act, 1983.json	7	7	MISSING	7
Legal Representatives' Suits Act, 1.json	3	3	MISSING	3
Live-Stock Importation Act, 1898.json	6	6	MISSING	6
Maintenance Orders Enforcement Act, 1921.json	37	37	MISSING	13,14,15,16,17,18,19,20,21,22,23,24,25,26,27,28,29,30,31,32,33,34,35,36,37
Maintenance of Internal Security Act, 1971.json	21	21	MISSING	20,21
Major Port Trusts Act, 1963.json	146	146	MISSING	135,136,137,138,139,140,141,142,143,144,145,146
Manipur Municipalities Act, 1994.json	249	249	MISSING	232,233,234,235,236,237,238,239,240,241,242,243,244,245,246,247,248,249
Manipur University Act, 2005.json	92	92	MISSING	49,50,51,52,53,54,55,56,57,58,59,60,61,62,63,64,65,66,67,68,69,70,71,72,73,74,75,76,77,78,79,80,81,82,83,84,85,86,87,88,89,90,91,92
Manoeurses, Field Firing and Artillery Practice Act, 1938.json	27	27	MISSING	14,15,16,17,18,19,20,21,22,23,24,25,26,27
Marking of Heavy Packages Act, 1951.json	11	11	MISSING	11
Maruti Limited (Acquisition and Transfer of Undertakings) Act, 1980.json	56	56	MISSING	34,35,36,37,38,39,40,41,42,43,44,45,46,47,48,49,50,51,52,53,54,55,56
Maternity Benefit Act, 1961.json	34	34	MISSING	31,32,33,34
Matrimonial Causes (War Marriages) Act, 1948.json	10	10	MISSING	8,9,10
Maulana Azad National Urdu University Act, 1996.json	44	44	MISSING	44
Medical Council Act, 1956.json	48	48	MISSING	35,36,37,38,39,40,41,42,43,44,45,46,47,48
Medical Degrees Act, 1916.json	13	13	MISSING	9,10,11,12,13
Medical Termination of Pregnancy Act, 1971.json	9	9	MISSING	9
Medicinal and Toilet Preparations (Excise Duties) Act, 1955.json	29	29	MISSING	22,23,24,25,26,27,28,29
Merchant Shipping Act, 1958.json	564	564	MISSING	15,16,17,18,19,263,266,267,268,269,437,438,439,440,441,442,443,444,445,446,447,448,449,450,451,452,453,454,455,456,457,458,459,460,461,462,463,464,465,466,467,468,469,470,471,472,473,474,475,476,477,478,479,480,481,482,483,484,485,486,487,488,489,490,491,492,493,494,495,496,497,498,499,500,501,502,503,504,505,506,507,508,509,510,511,512,513,514,515,516,517,518,519,520,521,522,523,524,525,526,527,528,529,530,531,532,533,534,535,536,537,538,539,540,541,542,543,544,545,546,547,548,549,550,551,552,553,554,555,556,557,558,559,560,561,562,563,564
Merged States (Laws) Act, 1949.json	8	8	MISSING	8
Metro  Railways (Construction of Works) Act, 1978.json	47	47	MISSING	46,47
Mica Mines Labour Welfare Fund Act, 1946.json	10	10	MISSING	7,8,9,10
Mineral Products (Additional Duties of Excise and Customs) ct, 1958.json	191	191	MISSING	67,68,69,70,71,72,73,74,75,76,77,78,79,80,81,82,83,84,85,86,87,88,89,90,91,92,93,94,95,96,97,98,99,100,101,102,103,104,105,106,107,108,109,110,111,112,113,114,115,116,117,118,119,120,121,122,123,124,125,126,127,128,129,130,131,132,133,134,135,136,137,138,139,140,141,142,143,144,145,146,147,148,149,150,151,152,153,154,155,156,157,158,159,160,161,162,163,164,165,166,167,168,169,170,171,172,173,174,175,176,177,178,179,180,181,182,183,184,185,186,187,188,189,190,191
Mines and Minerals (Regulation and Development) Act, 1957.json	54	54	MISSING	34,35,36,37,38,39,40,41,42,43,44,45,46,47,48,49,50,51,52,53,54
Minimum Wages Act, 1948.json	38	38	MISSING	32,33,34,35,36,37,38
Miscellaneous Personal Laws (Extension) Act, 1959.json	5	5	MISSING	5
Mizoram University Act, 2000.json	91	91	MISSING	48,49,50,51,52,53,54,55,56,57,58,59,60,61,62,63,64,65,66,67,68,69,70,71,72,73,74,75,76,77,78,79,80,81,82,83,84,85,86,87,88,89,90,91
Monopolies and Restrictive Trade Practices Act, 1969.json	65	65	MISSING	20,21,22,23,24,25,26,28,29,30
Motor Vehicles Act, 1988.json	217	217	MISSING	26,43,44,52,63,98,129,140,141,142,143,144,191,195
Multi-State Co-operative Societies Act, 2002.json	156	156	MISSING	127,128,129,130,131,132,133,134,135,136,137,138,139,140,141,142,143,144,145,146,147,148,149,150,151,152,153,154,155,156
Multimodal Transportation of Goods Act, 1993.json	33	33	MISSING	33
Municipal Taxation Act, 1881.json	19	19	MISSING	15,16,17,18,19
Museum Act, 1910.json	17	17	MISSING	17
Muslim Women (Protection of Rights on Divorce) Act, 1986.json	8	8	MISSING	8
Mussalman Wakf Act, 1923.json	8	8	MISSING	8
Mussalman Wakf Validating Act, 1913.json	6	6	MISSING	6
Mussalman Wakf Validating Act, 1930.json	3	3	MISSING	3
Naga-Hills-Tuensang Area Act, 1957.json	8	8	MISSING	8
Nagaland University Act, 1989.json	93	93	MISSING	49,50,51,52,53,54,55,56,57,58,59,60,61,62,63,64,65,66,67,68,69,70,71,72,73,74,75,76,77,78,79,80,81,82,83,84,85,86,87,88,89,90,91,92,93
Nalanda University Act, 2010.json	45	45	MISSING	45
Narcotic Drugs and Psychotropic Substances Act, 1985.json	129	129	MISSING	84,85,86,87,88,89,90,91,92,93,94,95,96,97,98,99,100,101,102,103,104,105,106,107,108,109,110,111,112,113,114,115,116,117,118,119,120,121,122,123,124,125,126,127,128,129
National Bank for Agriculture and Rural Development Act, 1981.json	67	67	MISSING	63,64,65,66,67
National Institute of Design Act, 2014.json	46	46	MISSING	42,43,44,45,46
North-Eastern Hill University Act, 1973.json	86	86	MISSING	44,45,46,47,48,49,50,51,52,53,54,55,56,57,58,59,60,61,62,63,64,65,66,67,68,69,70,71,72,73,74,75,76,77,78,79,80,81,82,83,84,85,86
Northern India Canal and Drainage Act, 1873.json	77	77	MISSING	40,41,42,43,64,65,66,76,77
Pondicherry (Administration) Act, 1962.json	27	27	MISSING	21,22,23,24,25,26,27
Pondicherry (Extension of Laws) Act, 1968.json	17	17	MISSING	8,9,10,11,12,13,14,15,16,17
Pondicherry University Act, 1985.json	104	104	MISSING	45,46,47,48,49,50,51,52,53,54,55,56,57,58,59,60,61,62,63,64,65,66,67,68,69,70,71,72,73,74,75,76,77,78,79,80,81,82,83,84,85,86,87,88,89,90,91,92,93,94,95,96,97,98,99,100,101,102,103,104
Presidency Small Cause Courts Act, 1882.json	215	215	MISSING	98,99,100,101,102,103,104,105,106,107,108,109,110,111,112,113,114,115,116,117,118,119,120,121,122,123,124,125,126,127,128,129,130,131,132,133,134,135,136,137,138,139,140,141,142,143,144,145,146,147,148,149,150,151,152,153,154,155,156,157,158,159,160,161,162,163,164,165,166,167,168,169,170,171,172,173,174,175,176,177,178,179,180,181,182,183,184,185,186,187,188,189,190,191,192,193,194,195,196,197,198,199,200,201,202,203,204,205,206,207,208,209,210,211,212,213,214,215
Presidency-towns Insolvency Act, 1909.json	193	193	MISSING	128,129,130,131,132,133,134,135,136,137,138,139,140,141,142,143,144,145,146,147,148,149,150,151,152,153,154,155,156,157,158,159,160,161,162,163,164,165,166,167,168,169,170,171,172,173,174,175,176,177,178,179,180,181,182,183,184,185,186,187,188,189,190,191,192,193
Public Debt Act, 1944.json	32	32	MISSING	32
Railway Claims Tribunal Act, 1987.json	39	39	MISSING	39
Railway Companies (Emergency Provisions) Act, 1951.json	21	21	MISSING	21
Railway Companies Act, 1895.json	8	8	MISSING	8
Railway Property (Unlawful Possession) Act, 1966.json	20	20	MISSING	17,18,19,20
Railway Protection Force Act, 1957.json	23	23	MISSING	22,23
Railways (Employment of Members of the Armed Forces) Act, 1965.json	6	6	MISSING	6
Railways Act, 1989.json	233	233	MISSING	201,202,203,204,205,206,207,208,209,210,211,212,213,214,215,216,217,218,219,220,221,222,223,224,225,226,227,228,229,230,231,232,233
Rajasthan and Madhya Pradesh (Transfer of Territories) Act, 1959.json	24	24	MISSING	18,19,20,21,22,23,24
Rajiv Gandhi Institute of Petroleum Technology Act, 2007.json	39	39	MISSING	6
Rajiv Gandhi National Aviation University Act, 2013.json	49	49	MISSING	49
Rajiv Gandhi University Act, 2006.json	93	93	MISSING	50,51,52,53,54,55,56,57,58,59,60,61,62,63,64,65,66,67,68,69,70,71,72,73,74,75,76,77,78,79,80,81,82,83,84,85,86,87,88,89,90,91,92,93
Rani Lakshmi Bai Central Agricultural University Act, 2014.json	90	90	MISSING	46,47,48,49,50,51,52,53,54,55,56,57,58,59,60,61,62,63,64,65,66,67,68,69,70,71,72,73,74,75,76,77,78,79,80,81,82,83,84,85,86,87,88,89,90
Reciprocity Act, 1943.json	25	25	MISSING	9,10,11,12,13,14,15,16,17,18,19,20,21,22,23,24,25
Recovery of Debts Due to Banks and Financial Institutions Act, 1993.json	44	44	MISSING	38,39,40,41,42,43,44
Red Cross Society Act, 1920.json	57	57	MISSING	14,15,16,17,18,19,20,21,22,23,24,25,26,27,28,29,30,31,32,33,34,35,36,37,38,39,40,41,42,43,44,45,46,47,48,49,50,51,52,53,54,55,56,57
Regional Rural Banks Act, 1976.json	37	37	MISSING	22,33,35,36,37
Registration Act, 1908.json	117	117	MISSING	94,95,96,97,98,99,100,101,102,103,104,105,106,107,108,109,110,111,112,113,114,115,116,117
Registration of Birth and Deaths Act, 1969.json	33	33	MISSING	33
Rehabilitation Council of India Act, 1992.json	31	31	MISSING	31
Rehabilitation Finance Administration Act, 1948.json	26	26	MISSING	26
Religious Endowments Act, 1863.json	25	25	MISSING	25
Religious Institutions (Prevention of Misuse) Act, 1988.json	11	11	MISSING	11
Religious Societies Act, 1880.json	10	10	MISSING	10
Remittances of Foreign Exchange and Investment in Foreign Exchange Bonds (Immunities and Exemptions) Act, 1991.json	8	8	MISSING	8
Repatriation of Prisoners Act, 2003.json	19	19	MISSING	17,18,19
Representation of People Act, 1950.json	54	54	MISSING	33,34,35,36,37,38,39,40,41,42,43,44,45,46,47,48,49,50,51,52,53,54
Representation of People Act, 1951.json	203	203	MISSING	89,90,91,92,114,115,140,141,142,143,144,145,156,162,172,173,174,175,176,177,178,179,180,181,182,183,184,185,186,187,188,189,190,191,192,193,194,195,196,197,198,199,200,201,202,203
Requisitioned Land (Apportionment of Compensation) Act, 1949.json	5	5	MISSING	5
Research and Development Cess Act, 1986.json	12	12	MISSING	11,12
Reserve Bank (Transfer of Public Ownership) Act, 1948.json	9	9	MISSING	8,9
Reserve Bank of India Act, 1934.json	104	104	MISSING	62,63,64,65,66,67,68,69,70,71,72,73,74,75,76,77,78,79,80,81,82,83,84,85,86,87,88,89,90,91,92,93,94,95,96,97,98,99,100,101,102,103,104
Reserve Forces Act, 1888.json	10	10	MISSING	9,10
Revenue Recovery Act, 1890.json	13	13	MISSING	11,12,13
Rice-Milling Industry (Regulation) Repeal Act, 1997.json	3	3	MISSING	3
Richardson and Cruddas Limited (Acquisition and Transfer of Undertaking) Act, 1972.json	32	32	MISSING	32
Right of Children to Free and Compulsory Education Act, 2009.json	46	46	MISSING	40,41,42,43,44,45,46
Right to Fair Compensation and Transparency in Land Acquisition, Rehabilitation and Resettlement Act, 2013.json	175	175	MISSING	115,116,117,118,119,120,121,122,123,124,125,126,127,128,129,130,131,132,133,134,135,136,137,138,139,140,141,142,143,144,145,146,147,148,149,150,151,152,153,154,155,156,157,158,159,160,161,162,163,164,165,166,167,168,169,170,171,172,173,174,175
Right to Information Act, 2005.json	57	57	MISSING	32,33,34,35,36,37,38,39,40,41,42,43,44,45,46,47,48,49,50,51,52,53,54,55,56,57
Rights of Persons with Disabilities Act, 2016.json	108	108	MISSING	103,104,105,106,107,108
Road Transport Corporation Act, 1950.json	49	49	MISSING	5,13,15,26,33,48
Rubber Act, 1947.json	38	38	MISSING	30,31,32,33,34,35,36,37,38
Salaries and Allowances of Ministers Act, 1952.json	18	18	MISSING	14,15,16,17,18
Salaries and Allowances of Officers of Parliament Act,1953.json	13	13	MISSING	12,13
Salary Allowances and Pension of Members of Parliament Act, 1954.json	26	26	MISSING	11,12,13,14,15,16,17,18,19,20,21,22,23,24,25,26
Salary and Allowances of Leaders of Opposition in Parliament Act, 1977.json	13	13	MISSING	11,12,13
Sales of Goods Act, 1930.json	71	71	MISSING	67,68,69,70,71
Salt Cess Act, 1953.json	7	7	MISSING	7
Sarais Act, 1867.json	19	19	MISSING	19
Scheduled Areas (Assimilation of Laws) Act, 1951.json	7	7	MISSING	7
Scheduled Areas (Assimilation of Laws) Act, 1953.json	8	8	MISSING	7,8
Scheduled Castes and the Scheduled Tribes (Prevention of Atrocities) Act, 1989.json	27	27	MISSING	24,25,26,27
School of Planning and Architecture Act, 2014.json	45	45	MISSING	43,44,45
Seamen's Provident Fund Act, 1966.json	51	51	MISSING	25,26,27,28,29,30,31,32,33,34,35,36,37,38,39,40,41,42,43,44,45,46,47,48,49,50,51
Seaward Artillery Practice Act, 1949.json	11	11	MISSING	10,11
Securities Contracts (Regulation) Act, 1956.json	61	61	MISSING	5,32,33,34,35,36,37,38,39,40,41,42,43,44,45,46,47,48,49,50,51,52,53,54,55,56,57,58,59,60,61
Securities and Exchange Board of India Act, 1992.json	77	77	MISSING	36,37,38,39,40,41,42,43,44,45,46,47,48,49,50,51,52,53,54,55,56,57,58,59,60,61,62,63,64,65,66,67,68,69,70,71,72,73,74,75,76,77
Securitisation and Reconstruction of Financial Assets and Enforcement of Security Interest Act, 2002.json	60	60	MISSING	43,44,45,46,47,48,49,50,51,52,53,54,55,56,57,58,59,60
Seeds Act, 1966.json	31	31	MISSING	1,26,27,28,29,30,31
Sheriffs Fees Act, 1852.json	4	4	MISSING	2,3,4
Sick Industrial Companies (Special Provisions) Act, 1985.json	37	37	MISSING	37
Sick Industrial Companies (Special Provisions) Repeal Act, 2003.json	7	7	MISSING	7
Sick Textiles Undertakings (Nationalisation) Act, 1974.json	42	42	MISSING	42
Slum Areas (Improvement and Clearance) Act, 1956.json	44	44	MISSING	41,42,43,44
Small Coins (Offences) Act, 1971.json	12	12	MISSING	11,12
Small Industries Development Bank of India Act, 1989.json	75	75	MISSING	55,56,57,58,59,60,61,62,63,64,65,66,67,68,69,70,71,72,73,74,75
Smugglers and Foreign Exchange Manipulators (Forfeiture of Property) Act, 1976.json	28	28	MISSING	28
Societies Registration Act, 1860.json	60	60	MISSING	21,33,34,35,36,37,38,39,40,41,42,43,44,45,46,47,48,49,50,51,52,53,54,55,56,57,58,59,60
Soldiers (Litigation) Act, 1925.json	18	18	MISSING	16,17,18
Sonthal Parganas Act, 1855.json	13	13	MISSING	8,9,10,11,12,13
South Asian University Act, 2008.json	50	50	MISSING	33,34,35,36,37,38,39,40,41,42,43,44,45,46,47,48,49,50
Special Bearer Bonds (Immunities and Exemptions) Act, 1981.json	10	10	MISSING	10
Special Court (Trial of Offences Relating to Transactions in Securities) Act, 1992.json	19	19	MISSING	16,17,18,19
Special Courts (Repeal) Act, 1982.json	1	1	MISSING	1
Special Criminal Courts (Jurisdiction) Act, 1950.json	11	11	MISSING	6,7,8,9,10,11
Special Marriage Act, 1954.json	137	137	MISSING	52,53,54,55,56,57,58,59,60,61,62,63,64,65,66,67,68,69,70,71,72,73,74,75,76,77,78,79,80,81,82,83,84,85,86,87,88,89,90,91,92,93,94,95,96,97,98,99,100,101,102,103,104,105,106,107,108,109,110,111,112,113,114,115,116,117,118,119,120,121,122,123,124,125,126,127,128,129,130,131,132,133,134,135,136,137
Special Protection Group Act, 1988.json	23	23	MISSING	19,20,21,22,23
Spices Board Act, 1986.json	94	94	MISSING	53,54,55,56,57,58,59,60,61,62,63,64,65,66,67,68,69,70,71,72,73,74,75,76,77,78,79,80,81,82,83,84,85,86,87,88,89,90,91,92,93,94
Spices Cess Act, 1986.json	6	6	MISSING	6
Spirituous Preparations (Inter-State Trade and Commerce) Control Act, 1955.json	19	19	MISSING	17,18,19
Sree Chitra Tirunal Institute Medical Sciences and Technology, Trivandrum Act, 1980.json	34	34	MISSING	34
Stage Carriages Act, 1861.json	46	46	MISSING	22,24,25,26,27,28,29,30,31,32,33,34,35,36,37,38,39,40,41,42,43,44,45,46
Stamp Act, 1899.json	151	151	MISSING	80,81,82,83,84,85,86,87,88,89,90,91,92,93,94,95,96,97,98,99,100,101,102,103,104,105,106,107,108,109,110,111,112,113,114,115,116,117,118,119,120,121,122,123,124,125,126,127,128,129,130,131,132,133,134,135,136,137,138,139,140,141,142,143,144,145,146,147,148,149,150,151
Standards of Weights and Measures (Extension to Kohima and Mokokchung Districts) Act, 1967.json	5	5	MISSING	3,4,5
Standards of Weights and Measures Act, 1976.json	82	82	MISSING	1,2,3
State Bank of Hyderabad Act, 1956.json	21	21	MISSING	12,13,14,15,16,17,18,19,20,21
State Bank of India (Subsidiary Banks) Act, 1959.json	76	76	MISSING	66,67,68,69,70,71,72,73,74,75,76
State Bank of India Act, 1955.json	76	76	MISSING	58,59,60,61,62,63,64,65,66,67,68,69,70,71,72,73,74,75,76
State Bank of Sikkim (Acquisition of Shares and Miscellaneous Provisions) Act, 1982.json	23	23	MISSING	21,22,23
State Emblem of India (Prohibition of Improper Use) Act, 2005.json	14	14	MISSING	12,13,14
State Financial Corporations Act, 1951.json	59	59	MISSING	50,51,52,53,54,55,56,57,58,59
State Reorganisation Act, 1956.json	188	188	MISSING	89,131,132,133,134,135,136,137,138,139,140,141,142,143,144,145,146,147,148,149,150,151,152,153,154,155,156,157,158,159,160,161,162,163,164,165,166,167,168,169,170,171,172,173,174,175,176,177,178,179,180,181,182,183,184,185,186,187,188
State of Arunachal Pradesh Act, 1986.json	82	82	MISSING	52,53,54,55,56,57,58,59,60,61,62,63,64,65,66,67,68,69,70,71,72,73,74,75,76,77,78,79,80,81,82
State of Himachal Pradesh Act, 1970.json	156	156	MISSING	55,56,57,58,59,60,61,62,63,64,65,66,67,68,69,70,71,72,73,74,75,76,77,78,79,80,81,82,83,84,85,86,87,88,89,90,91,92,93,94,95,96,97,98,99,100,101,102,103,104,105,106,107,108,109,110,111,112,113,114,115,116,117,118,119,120,121,122,123,124,125,126,127,128,129,130,131,132,133,134,135,136,137,138,139,140,141,142,143,144,145,146,147,148,149,150,151,152,153,154,155,156
State of Mizoram Act, 1986.json	80	80	MISSING	49,50,51,52,53,54,55,56,57,58,59,60,61,62,63,64,65,66,67,68,69,70,71,72,73,74,75,76,77,78,79,80
State of Nagaland Act, 1962.json	42	42	MISSING	34,35,36,37,38,39,40,41,42
Succession Act, 1925.json	366	366	MISSING	1,2,3,4,5,6,7,8,9,10,11,12,13,14,15,16,17,18,19,20,21,22,23,24,25,26,27,28
Sugar Development Fund Act, 1982.json	11	11	MISSING	10,11
Sugar Export Promotion Act, 1958.json	15	15	MISSING	15
Sugar Undertakings (Taking Over of Management) Act, 1978.json	25	25	MISSING	23,24,25
Sugarcane Act, 1934.json	22	22	MISSING	9,10,11,12,13,14,15,16,17,18,19,20,21,22
Suppression of Immoral Traffic in Women and Girls Act, 1956.json	12	12	MISSING	2,3,5,6,8,9,10,11
Suppression of Unlawful Acts against Safety of Civil Aviation Act, 1982.json	17	17	MISSING	11,12,13,14,15,16,17
Supreme Court (Enlargement of Criminal Appellate Jurisdiction) Act, 1970.json	3	3	MISSING	3
Swadeshi Cotton Mills Company Limited (Acquisition and Transfer of Undertakings) Act, 1986.json	34	34	MISSING	34
THE INDIAN POST OFFICE ACT, 1898.json	127	127	MISSING	49,50,51,52,53,54,55,56,57,58,59,60,61,62,63,64,65,66,67,68,69,70,71,72,78,79,80,81,82,83,84,85,86,87,88,89,90,91,92,93,94,95,96,97,98,99,100,101,102,103,104,105,106,107,108,109,110,111,112,113,114,115,116,117,118,119,120,121,122,123,124,125,126,127
THE NATIONAL TAX TRIBUNAL ACT, 2005.json	65	65	MISSING	31,32,33,34,35,36,37,38,39,40,41,42,43,44,45,46,47,48,49,50,51,52,53,54,55,56,57,58,59,60,61,62,63,64,65
THE PAYMENT OF GRATUITY ACT, 1972.json	31	31	MISSING	16,17,18,20,21,22,23,24,25,26,27,28,29,30,31
THE PREVENTION OF BLACKMARKETING AND MAINTENANCE OF SUPPLIES OF ESSENTIAL COMMODITIES ACT, 1980.json	21	21	MISSING	18,19,20,21
THE PUNJAB MUNICIPAL CORPORATION LAW (EXTENSION TO CHANDIGARH) ACT, 1994.json	30	30	MISSING	16,17,18,19,20,21,22,23,24,25,26,27,28,29,30
THE UNION TERRITORIES (SEPARATION OF JUDICIAL AND EXECUTIVE FUNCTIONS) ACT, 1969.json	113	113	MISSING	90,91,92,93,94,95,96,97,98,99,100,101,102,103,104,105,106,107,108,109,110,111,112,113
Taxation Laws  (Continuation and Validation of Recovery Proceedings) Act, 1964 (2).json	17	17	MISSING	10,11,12,13,14,15,16,17
Taxation Laws  (Continuation and Validation of Recovery Proceedings) Act, 1964.json	17	17	MISSING	10,11,12,13,14,15,16,17
Taxation Laws (Extension to Jammu and Kashmir) Act, 1972.json	6	6	MISSING	5,6
Tea Act, 1953.json	62	62	MISSING	1,2,3,52,53,54,55,56,57,58,59,60,61,62
Telecom Regulatory Authority of India Act, 1997.json	54	54	MISSING	41,42,43,44,45,46,47,48,49,50,51,52,53,54
Telegraph Act, 1885.json	51	51	MISSING	35,36,37,38,39,40,41,42,43,44,45,46,47,48,49,50,51
Telegraph Wires (Unlawful Possession) Act, 1950.json	17	17	MISSING	9,10,11,12,13,14,15,16,17
Territorial Army Act, 1948.json	19	19	MISSING	16,17,18,19
Territorial Waters Continental Self-Exclusive Economic Zone and other Maritime Zones Act, 1976.json	19	19	MISSING	17,18,19
Terrorist Affected Areas (Special Courts) Act, 1984.json	24	24	MISSING	22,23,24
Textile Undertakings (Nationalisation) Act, 1995.json	54	54	MISSING	40,41,42,43,44,45,46,47,48,49,50,51,52,53,54
Textiles Committee Act, 1963.json	38	38	MISSING	25,26,27,28,29,30,31,32,33,34,35,36,37,38
Textiles Undertakings (Taking Over of Management) Act, 1983.json	20	20	MISSING	18,19,20
Tezpur University Act, 1993.json	87	87	MISSING	45,46,47,48,49,50,51,52,53,54,55,56,57,58,59,60,61,62,63,64,65,66,67,68,69,70,71,72,73,74,75,76,77,78,79,80,81,82,83,84,85,86,87
The Bombay Revenue Jurisdiction Act, 1876.json	20	20	MISSING	18,19,20
The British Statutes (Repeal) Act, 2004.json	4	4	MISSING	4
The Foreign Aircraft (Exemption From Taxes And Duties On Fuel And Lubricants) Act, 2000.json	4	4	MISSING	4
The Foreign Awards (Recognition And Enforcement) Act, 1961.json	39	39	MISSING	12,13,14,15,16,17,18,19,20,21,22,23,24,25,26,27,28,29,30,31,32,33,34,35,36,37,38,39
The Foreign Contribution (Regulation) Act, 2010.json	56	56	MISSING	55,56
The Foreign Jurisdiction Act, 1947.json	8	8	MISSING	8
The Foreign Trade (Development and Regulation) Act, 1992.json	29	29	MISSING	21,22,23,24,25,26,27,28,29
The Foreigners Act, 1946.json	909	909	MISSING	299,300,301,302,303,304,305,306,307,308,309,310,311,312,313,314,315,316,317,318,319,320,321,322,323,324,325,326,327,328,329,330,331,332,333,334,335,336,337,338,339,340,341,342,343,344,345,346,347,348,349,350,351,352,353,354,355,356,357,358,359,360,361,362,363,364,365,366,367,368,369,370,371,372,373,374,375,376,377,378,379,380,381,382,383,384,385,386,387,388,389,390,391,392,393,394,395,396,397,398,399,400,401,402,403,404,405,406,407,408,409,410,411,412,413,414,415,416,417,418,419,420,421,422,423,424,425,426,427,428,429,430,431,432,433,434,435,436,437,438,439,440,441,442,443,444,445,446,447,448,449,450,451,452,453,454,455,456,457,458,459,460,461,462,463,464,465,466,467,468,469,470,471,472,473,474,475,476,477,478,479,480,481,482,483,484,485,486,487,488,489,490,491,492,493,494,495,496,497,498,499,500,501,502,503,504,505,506,507,508,509,510,511,512,513,514,515,516,517,518,519,520,521,522,523,524,525,526,527,528,529,530,531,532,533,534,535,536,537,538,539,540,541,542,543,544,545,546,547,548,549,550,551,552,553,554,555,556,557,558,559,560,561,562,563,564,565,566,567,568,569,570,571,572,573,574,575,576,577,578,579,580,581,582,583,584,585,586,587,588,589,590,591,592,593,594,595,596,597,598,599,600,601,602,603,604,605,606,607,608,609,610,611,612,613,614,615,616,617,618,619,620,621,622,623,624,625,626,627,628,629,630,631,632,633,634,635,636,637,638,639,640,641,642,643,644,645,646,647,648,649,650,651,652,653,654,655,656,657,658,659,660,661,662,663,664,665,666,667,668,669,670,671,672,673,674,675,676,677,678,679,680,681,682,683,684,685,686,687,688,689,690,691,692,693,694,695,696,697,698,699,700,701,702,703,704,705,706,707,708,709,710,711,712,713,714,715,716,717,718,719,720,721,722,723,724,725,726,727,728,729,730,731,732,733,734,735,736,737,738,739,740,741,742,743,744,745,746,747,748,749,750,751,752,753,754,755,756,757,758,759,760,761,762,763,764,765,766,767,768,769,770,771,772,773,774,775,776,777,778,779,780,781,782,783,784,785,786,787,788,789,790,791,792,793,794,795,796,797,798,799,800,801,802,803,804,805,806,807,808,809,810,811,812,813,814,815,816,817,818,819,820,821,822,823,824,825,826,827,828,829,830,831,832,833,834,835,836,837,838,839,840,841,842,843,844,845,846,847,848,849,850,851,852,853,854,855,856,857,858,859,860,861,862,863,864,865,866,867,868,869,870,871,872,873,874,875,876,877,878,879,880,881,882,883,884,885,886,887,888,889,890,891,892,893,894,895,896,897,898,899,900,901,902,903,904,905,906,907,908,909
The Forest (Conservation) Act, 1980.json	9	9	MISSING	6,7,8,9
The Forfeited Deposits Act, 1850.json	3	3	MISSING	3
The Forfeited Deposits Act.json	3	3	MISSING	3
The General Clauses Act, 1897.json	36	36	MISSING	32,34,35,36
The General Insurance Business (Nationalisation) Act, 1972.json	47	47	MISSING	41,42,43,44,45,46,47
The Goa, Daman And Diu (Administration) Act, 1962.json	14	14	MISSING	12,13,14
The Goa, Daman And Diu Judicial Commissioner's Court (Declaration As High Court) Act, 1964.json	11	11	MISSING	9,10,11
The Goa, Daman And Diu Mining Concessions (Abolition And Declaration As Mining Leases) Act, 1987.json	610	610	MISSING	145,171,592,593,594,595,596,597,598,599,600,601,602,603,604,605,606,607,608,609,610
The Goa, Daman And Diu Reorganisation Act, 1987.json	73	73	MISSING	73
The Government Buildings Act, 1899.json	5	5	MISSING	5
The Government Grants Act, 1895.json	4	4	MISSING	4
The Government Management of Private Estates Act, 1892.json	10	10	MISSING	10
The Government Of National Capital Territory Of Delhi Act, 1991.json	68	68	MISSING	57,58,59,60,61,62,63,64,65,66,67,68
The Government Of Union Territories Act, 1963.json	80	80	MISSING	59,60,61,62,63,64,65,66,67,68,69,70,71,72,73,74,75,76,77,78,79,80
The Government Seal Act, 1862.json	1	1	MISSING	1
The Guardians And Wards Act, 1890.json	55	55	MISSING	54,55
The Handlooms (Reservation of Articles for Production) Act, 1985.json	30	30	MISSING	20,21,22,23,24,25,26,27,28,29,30
The Haryana and Uttar Pradesh (Alteration of Boundaries) Act, 1979.json	38	38	MISSING	37,38
The High Court Judges (Salaries And Conditions Of Service) Act, 1954.json	39	39	MISSING	26,27,28,29,30,31,32,33,34,35,36,37,38,39
The High Courts (Seals) Act, 1950.json	4	4	MISSING	4
The Himachal Pradesh and Bilaspur (New State) Act, 1954.json	35	35	MISSING	13,14,15,16,33,34,35
The Hindi Sahitya Sammelan Act, 1962.json	20	20	MISSING	20
The Hindu Disposition Of Property Act, 1916.json	6	6	MISSING	6
The Hindu Marriage Act, 1955.json	36	36	MISSING	30,31,32,33,34,35,36
The Illegal Migrants (Determination By Tribunals) Act, 1983.json	31	31	MISSING	30,31
The Imperial Library (Change of Name) Act, 1948.json	3	3	MISSING	3
The Indian Council Of World Affairs Act, 2001.json	30	30	MISSING	30
The Indian Independence Pakistan Courts (Pending Proceedings) Act, 1952.json	6	6	MISSING	6
The Indian Iron And Steel Company (Taking Over Of Management).json	21	21	MISSING	5,18,19,20,21
The Indian Law Reports Act, 1875.json	5	5	MISSING	5
The Indian Lighthouse Act, 1927.json	24	24	MISSING	23,24
The Indian Majority Act, 1875.json	5	5	MISSING	5
The Indian Medical Council Act, 1956.json	51	51	MISSING	35,36,37,38,39,40,41,42,43,44,45,46,47,48,49,50,51
The Indian Naval Armament Act, 1923.json	15	15	MISSING	15
The Indian Nursing Council Act, 1947.json	180	180	MISSING	50,62,63,64,65,66,67,68,69,70,71,72,73,74,75,76,77,78,79,80,81,82,83,84,85,86,87,88,89,90,91,92,93,94,95,96,97,98,99,100,101,102,103,104,105,106,107,108,109,110,111,112,113,114,115,116,117,118,119,120,121,122,123,124,125,126,127,128,129,130,131,132,133,134,135,136,137,138,139,140,141,142,143,144,145,146,147,148,149,150,151,152,153,154,155,156,157,158,159,160,161,162,163,164,165,166,167,168,169,170,171,172,173,174,175,176,177,178,179,180
The Indian Partnership Act, 1932.json	77	77	MISSING	75,76,77
The Indian Ports Act, 1908.json	250	250	MISSING	105,106,107,108,109,110,111,112,113,114,115,116,117,118,119,120,121,122,123,124,125,126,127,128,129,130,131,132,133,134,135,136,137,138,139,140,141,142,143,144,145,146,147,148,149,150,151,152,153,154,155,156,157,158,159,160,161,162,163,164,165,166,167,168,169,170,171,172,173,174,175,176,177,178,179,180,181,182,183,184,185,186,187,188,189,190,191,192,193,194,195,196,197,198,199,200,201,202,203,204,205,206,207,208,209,210,211,212,213,214,215,216,217,218,219,220,221,222,223,224,225,226,227,228,229,230,231,232,233,234,235,236,237,238,239,240,241,242,243,244,245,246,247,248,249,250
The Indian Power Alcohol Act, 1948.json	13	13	MISSING	12,13
The Indian Tolls (Army and Air Force) Act, 1901.json	9	9	MISSING	9
The Indian Tramways Act, 1902.json	4	4	MISSING	3,4
The Indian Treasure-Trove Act, 1878.json	22	22	MISSING	22
The Indian Trusts Act, 1882.json	111	111	MISSING	97,98,99,100,101,102,103,104,105,106,107,108,109,110,111
The Indian Universities (Repeal) Bill, 2001 Act.json	3	3	MISSING	3
The Industrial Finance Corporation (Transfer Of Undertaking And Repeal) Act, 1993.json	15	15	MISSING	14,15
The Inland Waterways Authority Of India Act, 1985.json	38	38	MISSING	16
The Insecticides Act, 1968.json	50	50	MISSING	39,40,41,42,43,44,45,46,47,48,49,50
The Insurance Act, 1938.json	189	189	MISSING	65,66,67,68,69,70,71,72,73,74,75,76,77,78,79,80,81,82,83,84,85,86,87,88,89,90,91,92,93,94,95,96,97,98,99,100,121,122,123,124,125,126,127,128,129,130,131,132,133,134,135,136,137,138,139,140,141,142,143,144,145,146,147,148,149,150,151,152,153,154,155,156,157,158,159,160,161,162,163,164,165,166,167,168,169,170,171,172,173,174,175,176,177,178,179,180,181,182,183,184,185,186,187,188,189
The Integrated Goods and Services Tax Act, 2017.json	36	36	MISSING	26,27,28,29,30,31,32,33,34,35,36
The Interest Act, 1978.json	7	7	MISSING	7
The Iron And Steel Companies Amalgamation Act, 1952.json	16	16	MISSING	16
The Jamia Millia Islamia Act, 1988.json	86	86	MISSING	45,46,47,48,49,50,51,52,53,54,55,56,57,58,59,60,61,62,63,64,65,66,67,68,69,70,71,72,73,74,75,76,77,78,79,80,81,82,83,84,85,86
The Jammu And Kashmir (Extension Of.json	10	10	MISSING	7,8,9,10
The Jawaharlal Institute Of Post-Gr.json	32	32	MISSING	11
The Jawaharlal Nehru University Act.json	61	61	MISSING	31,32,33,34,38,39,40,41,42,43,44,45,46,47,48,49,50,51,52,53,54,55,56,57,58,59,60,61
The Judicial Commissioners' Courts.json	7	7	MISSING	7
The Jute Companies (Nationalisation.json	38	38	MISSING	34,35,36,37,38
The Jute Packaging Materials (Compu.json	19	19	MISSING	11,12,13,14,15,16,17,18,19
The Kalakshetra Foundation Act, 199.json	40	40	MISSING	36,37,38,39,40
The Khadi And Village Industries Co.json	44	44	MISSING	29,30,31,32,33,34,35,36,37,38,39,40,41,42,43,44
The Land Acquisition Act, 1894.json	65	65	MISSING	56,57,58,59,60,61,62,63,64,65
The Land Improvement Loans Act, 188.json	14	14	MISSING	13,14
The Leaders And Chief Whips Of Reco.json	5	5	MISSING	3
The Legal Practitioners Act, 1879.json	4	4	MISSING	4
The Legal Services Authorities Act,.json	40	40	MISSING	31,32,33,34,35,36,37,38,39,40
The Legal Tender (Inscribed Notes).json	4	4	MISSING	4
The Legislative Councils Act, 1957.json	18	18	MISSING	3,14,15,16,17,18
The Lepers (Punjab Amendment) Act,.json	8	8	MISSING	6,7
The Life Insurance (Emergency Provi.json	19	19	MISSING	19
The Limestone And Dolomite Mines La.json	19	19	MISSING	17,18,19
The Limited Liability Partnership A.json	85	85	MISSING	18,73,81,82,83,84,85
The Local Authorities Loans Act, 19.json	11	11	MISSING	10,11
The Lokpal And Lokayuktas Act, 2013.json	62	62	MISSING	1
The Lushai Hills District (Change o.json	4	4	MISSING	2
The Madhya Pradesh Reorganisation Act.json	194	194	MISSING	91,92,93,94,95,96,97,98,99,100,101,102,103,104,105,106,107,108,109,110,111,112,113,114,115,116,117,118,119,120,121,122,123,124,125,126,127,128,129,130,131,132,133,134,135,136,137,138,139,140,141,142,143,144,145,146,147,148,149,150,151,152,153,154,155,156,157,158,159,160,161,162,163,164,165,166,167,168,169,170,171,172,173,174,175,176,177,178,179,180,181,182,183,184,185,186,187,188,189,190,191,192,193,194
The Madhya Pradesh State Legislatur.json	6	6	MISSING	4,5,6
The Madras City Police Act, 1888.json	91	91	MISSING	83,84,85,86,87,88,89,90,91
The Mahatma Gandhi Antarrashtriya H.json	45	45	MISSING	45
The Marine Insurance Act, 1963.json	110	110	MISSING	93,94,95,96,97,98,99,100,101,102,103,104,105,106,107,108,109,110
The Mines Act, 1952.json	98	98	MISSING	89,90,91,92,93,94,95,96,97,98
The National Bank For Agriculture And Rural Development Act, 1981.json	67	67	MISSING	63,64,65,66,67
The National Capital Region Planning Board Act, 1985.json	45	45	MISSING	42,43,44,45
The National Capital Territory Of Delhi Laws (Special Provisions) Act, 2007.json	7	7	MISSING	7
The National Capital Territory Of Delhi Laws (Special Provisions) Second Act, 2011.json	7	7	MISSING	7
The National Co-Operative Development Corporation Act, 1962.json	31	31	MISSING	25,26,27,28,29,30,31
The National Commission For Minority Educational Institutions Act, 2004.json	32	32	MISSING	27,28,29,30,31,32
The National Council For Teacher Education Act, 1993.json	41	41	MISSING	35,36,37,38,39,40,41
The National Dairy Development Board Act, 1987.json	51	51	MISSING	51
The National Environment Appellate Authority Act, 1997.json	46	46	MISSING	24,25,26,27,28,29,30,31,32,33,34,35,36,37,38,39,40,41,42,43,44,45,46
The National Food Security Act, 2013.json	80	80	MISSING	46,47,48,49,50,51,52,53,54,55,56,57,58,59,60,61,62,63,64,65,66,67,68,69,70,71,72,73,74,75,76,77,78,79,80
The National Green Tribunal Act, 2010.json	49	49	MISSING	39,40,41,42,43,44,45,46,47,48,49
The National Highways Act, 1956.json	21	21	MISSING	11,12,13,14,15,16,17,18,19,20,21
The National Highways Authority of India Act, 1988.json	79	79	MISSING	38,39,40,41,42,43,44,45,46,47,48,49,50,51,52,53,54,55,56,57,58,59,60,61,62,63,64,65,66,67,68,69,70,71,72,73,74,75,76,77,78,79
The National Housing Bank Act, 1987.json	89	89	MISSING	58,59,60,61,62,63,64,65,66,67,68,69,70,71,72,73,74,75,76,77,78,79,80,81,82,83,84,85,86,87,88,89
The National Institute Of Mental Health And Neuro-Sciences, Bangalore Act, 2012.json	34	34	MISSING	34
The National Institute Of Pharmaceutical Education And Research Act,1998.json	49	49	MISSING	38,39,40,41,42,43,44,45,46,47,48,49
The National Institutes of Technology, Science Education and Research, 2007.json	77	77	MISSING	38,39,40,41,42,43,44,45,46,47,48,49,50,51,52,53,54,55,56,57,58,59,60,61,62,63,64,65,66,67,68,69,70,71,72,73,74,75,76,77
The National Investigation Agency Act, 2008.json	35	35	MISSING	27,28,29,30,31,32,33,34,35
The National Rural Employment Guarantee (Extension To Jammu And Kashmir) Act, 2007.json	4	4	MISSING	4
The National Security Act, 1980.json	20	20	MISSING	19,20
The National Waterway (Allahabad-Haldia Stretch Of The Ganga-Bhagirathi-Hooghly River) Act 1982.json	4	4	MISSING	4
The National Waterway (Kakinada-Puducherry Stretch Of Canals And The Kaluvelly Tank, Bhadrachalam-Rajahmundry Stretch Of River Godavari And Wazirabad-Vijayawada Stretch Of River Krishna).json	4	4	MISSING	4
The National Waterway (Kollam-Kottapuram Stretch of West Coast Canal and Champakara and Udyogmandal Canals) Act, 1992.json	4	4	MISSING	4
The National Waterway (Talcher-Dhamra Stretch Of Rivers, Geonkhali-Charbatia Stretch Of East Coast Canal, Charbatia-Dhamra Stretch Of Matai River And Mahanadi Delta Rivers) Act, 2008.json	4	4	MISSING	4
The Navy Act, 1957.json	382	382	MISSING	53,152,164,189,190,191,192,193,194,195,196,197,198,199,200,201,202,203,204,205,206,207,208,209,210,211,212,213,214,215,216,217,218,219,220,221,222,223,224,225,226,227,228,229,230,231,232,233,234,235,236,237,238,239,240,241,242,243,244,245,246,247,248,249,250,251,252,253,254,255,256,257,258,259,260,261,262,263,264,265,266,267,268,269,270,271,272,273,274,275,276,277,278,279,280,281,282,283,284,285,286,287,288,289,290,291,292,293,294,295,296,297,298,299,300,301,302,303,304,305,306,307,308,309,310,311,312,313,314,315,316,317,318,319,320,321,322,323,324,325,326,327,328,329,330,331,332,333,334,335,336,337,338,339,340,341,342,343,344,345,346,347,348,349,350,351,352,353,354,355,356,357,358,359,360,361,362,363,364,365,366,367,368,369,370,371,372,373,374,375,376,377,378,379,380,381,382
The New Delhi Municipal Council Act, 1994.json	570	570	MISSING	420,421,422,423,424,425,426,427,428,429,430,431,432,433,434,435,436,437,438,439,440,441,442,443,444,445,446,447,448,449,450,451,452,453,454,455,456,457,458,459,460,461,462,463,464,465,466,467,468,469,470,471,472,473,474,475,476,477,478,479,480,481,482,483,484,485,486,487,488,489,490,491,492,493,494,495,496,497,498,499,500,501,502,503,504,505,506,507,508,509,510,511,512,513,514,515,516,517,518,519,520,521,522,523,524,525,526,527,528,529,530,531,532,533,534,535,536,537,538,539,540,541,542,543,544,545,546,547,548,549,550,551,552,553,554,555,556,557,558,559,560,561,562,563,564,565,566,567,568,569,570
The Newspaper (Price And Page) Act, 1956.json	8	8	MISSING	8
The North- Western Provinces And Oudh Act, 1890.json	18	18	MISSING	3,4,12,13,14,15,16,17,18
The North-Eastern Areas (Reorganisation) Act, 1971.json	2	2	MISSING	1,2
The North-Eastern Council Act, 1971.json	9	9	MISSING	9
The Northern India Ferries Act, 1878.json	37	37	MISSING	37
The Official Trustees Act, 1913.json	34	34	MISSING	34
The Offshore Areas Mineral (Development And Regulation) Act, 2002.json	48	48	MISSING	39,40,41,42,43,44,45,46,47,48
The Oil And Natural Gas Commission (Transfer Of Undertaking And Repeal) Act,1993.json	13	13	MISSING	13
The Oil Industry (Development) Act, 1974.json	34	34	MISSING	32,33,34
The Oilfields (Regulation and Development) Act, 1948.json	100	100	MISSING	15,16,17,18,19,20,21,22,23,24,25,26,27,28,29,30,31,32,33,34,35,36,37,38,39,40,41,42,43,44,45,46,47,48,49,50,51,52,53,54,55,56,57,58,59,60,61,62,63,64,65,66,67,68,69,70,71,72,73,74,75,76,77,78,79,80,81,82,83,84,85,86,87,88,89,90,91,92,93,94,95,96,97,98,99,100
The Opium And Revenue Laws (Extension Of Application) Act, 1950.json	6	6	MISSING	6
The Oriental Gas Company Act, 1867.json	9	9	MISSING	6,7,8,9
The Oriental Gas Company, 1857.json	9	9	MISSING	6,7,8,9
The Oudh Laws Act, 1876.json	8	8	MISSING	2,3,4,5,6,7,8
The Parel Investments and Trading Private Limited and Domestic Gas Private Limited (Taking Over of Management) Act, 1979.json	14	14	MISSING	1,2
The Parliamentary Proceedings (Protection Of Publication) Act, 1977.json	6	6	MISSING	5,6
The Parliamentary Proceedings (Protection Of Publication) Repeal Act, 1976.json	5	5	MISSING	4,5
The Parsi Marriage And Divorce Act, 1936.json	122	122	MISSING	54,55,56,57,58,59,61,62,63,64,65,66,67,68,69,70,71,72,73,74,75,76,77,78,79,80,81,82,83,84,85,86,87,88,89,90,91,92,93,94,95,96,97,98,99,100,101,102,103,104,105,106,107,108,109,110,111,112,113,114,115,116,117,118,119,120,121,122
The Part B States (Laws) Act, 1951.json	8	8	MISSING	8
The Passport (Entry Into India) Act, 1920.json	7	7	MISSING	7
The Passports Act, 1967.json	29	29	MISSING	28,29
The Patents Act, 1970.json	206	206	MISSING	96,97,98,164,165,166,167,168,169,170,171,172,173,174,175,176,177,178,179,180,181,182,183,184,185,186,187,188,189,190,191,192,193,194,195,196,197,198,199,200,201,202,203,204,205,206
The Payment And Settlement Systems Act, 2007.json	41	41	MISSING	39,40,41
The Payment Of Bonus Act, 1965.json	42	42	MISSING	41,42
The Payment Of Taxes (Transfer Of Property) Act, 1949.json	12	12	MISSING	10,11,12
The Payment Of Wages Act, 1936.json	32	32	MISSING	27,28,29,30,31,32
The Pensions Act, 1871.json	19	19	MISSING	17,18
The Personal Injuries (Compensation Insurance) Act, 1963.json	63	63	MISSING	25,26,27,28,29,30,31,32,33,34,35,36,37,38,39,40,41,42,43,44,45,46,47,48,49,50,51,52,53,54,55,56,57,58,59,60,61,62,63
The Personal Injuries (Emergency Provisions) Act, 1962.json	11	11	MISSING	9,10,11
The Petroleum Act, 1934.json	30	30	MISSING	1,2
The Petroleum And Minerals Pipelines (Acquisition Of Right Of User In Land) Act, 1962.json	22	22	MISSING	19,20,21,22
The Pharmacy Act, 1948.json	47	47	MISSING	47
The Places Of Worship (Special Provisions) Act, 1991.json	14	14	MISSING	9,10,11,12,13,14
The Plantations Labour Act, 1951.json	60	60	MISSING	44,45,46,47,48,49,50,51,52,53,54,55,56,57,58,59,60
The Police (Incitement to Disaffection) Act, 1922.json	9	9	MISSING	8,9
The Police Act, 1861.json	51	51	MISSING	48,49,50,51
The Police Forces (Restriction Of Rights) Act, 1966.json	31	31	MISSING	25,26,27,28,29,30,31
The Pondicherry (Alteration Of Name) Act, 2006.json	11	11	MISSING	11
The Post Office Cash Certificates Act, 1917.json	8	8	MISSING	6,7,8
The Post-Graduate Institute Of Medical, Education And Research,Chandigarh, Act, 1966.json	33	33	MISSING	33
The Powers-Of-Attorney Act, 1882.json	7	7	MISSING	7
The Prasar Bharati (Broadcasting Corporation Of India) Act, 1990.json	39	39	MISSING	36,37,38,39
The Pre-Conception And Pre-Natal Diagnostic Techniques (Prohibition Of Sex Selection) Act, 1994.json	39	39	MISSING	35,36,37,38,39
The Preference Shares (Regulation Of Dividends) Act, 1960.json	12	12	MISSING	8,9,10,11,12
The Presidency Magistrates (Court- Fees) Act, 1877.json	8	8	MISSING	2,3,4,5,6,7,8
The President's Emoluments And Pension Act, 1951.json	12	12	MISSING	7,8,9,10,11,12
The Presidential And Vice-Presidential Elections Act, 1952.json	31	31	MISSING	24,25,26,27,28,29,30,31
The Press And Registration Of Books Act, 1867.json	48	48	MISSING	24,25,26,27,28,29,30,31,32,33,34,35,36,37,38,39,40,41,42,43,44,45,46,47,48
The Prevention Of Cruelty To Animals Act, 1960.json	44	44	MISSING	42,43,44
The Prevention Of Food Adulteration Act, 1954.json	32	32	MISSING	26,27,28,29,30,31,32
The Prevention of Corruption Act, 1988.json	37	37	MISSING	32,33,34,35,36,37
The Prevention of Insults to National Honour Act, 1971.json	4	4	MISSING	4
The Prevention of Seditious Meetings Act, 1911.json	10	10	MISSING	10
The Prevention of Terrorism (Repeal) Act, 2004.json	7	7	MISSING	5,6,7
The Prisoners Act, 1900.json	42	42	MISSING	20,21,22,23,24,25,26,27,35,36,37,38,39,40,41,42
The Prisons Act, 1894.json	64	64	MISSING	46,60,63,64
The Prize Competitions Act, 1955.json	21	21	MISSING	21
The Probation of Offenders Act, 1958.json	22	22	MISSING	21,22
The Produce Cess Act, 1966.json	26	26	MISSING	23,24,25,26
The Produce Cess Laws (Abolition) Act, 2006.json	6	6	MISSING	6
The Prohibition of Child Marriage Act, 2006.json	25	25	MISSING	22,23,24,25
The Promissory Notes (Stamp) Act, 1926.json	4	4	MISSING	3,4
The Protection Of Civil Rights Act, 1955.json	41	41	MISSING	22,23,24,25,26,27,28,29,30,31,32,33,34,35,36,37,38,39,40,41
The Protection of Children from Sexual Offences Act, 2012.json	47	47	MISSING	47
The Provident Funds Act, 1925.json	11	11	MISSING	11
The Provincial Insolvency Act, 1920.json	86	86	MISSING	84,85,86
The Provincial Small Cause Courts Act, 1887.json	38	38	MISSING	38
The Provisional Collection of Taxes Act, 1931.json	10	10	MISSING	7,8,9,10
The Public Employment (Requirement As To Residence) Act, 1957.json	11	11	MISSING	6,7,8,9,10,11
The Public Gambling Act, 1867.json	25	25	MISSING	19,20,21,22,23,24,25
The Public Liability Insurance Act, 1991.json	27	27	MISSING	24,25,26,27
The Public Premises (Eviction Of Unauthorised Occupants) Act, 1971.json	24	24	MISSING	21,22,23,24
The Public Records Act, 1993.json	19	19	MISSING	19
The Public Sector Iron and Steel Companies (Restructuring) and Miscellaneous Provisions Act, 1978.json	40	40	MISSING	28,29,30,31,32,33,34,35,36,37,38,39,40
The Public Servants (Inquiries) Act, 1850.json	26	26	MISSING	26
The Public Suits Validation Act, 1932.json	5	5	MISSING	5
The Public Wakfs (Extension Of Limitation) Act, 1959.json	5	5	MISSING	5
The Punjab Gram Punchayat, Samities And Zillaparishad, (Chandigarh Repeal) Act, 1994.json	4	4	MISSING	4
The Punjab Laws Act, 1872.json	38	38	MISSING	10,11,12,13,14,15,16,17,18,19,20,23,24,25,26,27,28,29,30,31,32,35,36,37,38
The Punjab Legislative Council (Abolition) Act, 1969.json	10	10	MISSING	10
The Punjab Reorganisation Act, 1966.json	369	369	MISSING	98,99,100,101,102,103,104,105,106,107,108,109,110,111,112,113,114,115,116,117,118,119,120,121,122,123,124,125,126,127,128,129,130,131,132,133,134,135,136,137,141,142,143,144,145,146,147,148,149,150,151,152,153,154,155,156,157,158,159,160,161,162,163,164,165,166,167,168,169,170,171,172,173,174,175,176,177,178,179,180,181,182,183,184,185,186,187,188,189,190,191,192,193,194,195,196,197,198,199,200,201,202,203,204,205,206,207,208,209,210,211,212,213,214,215,216,217,218,219,220,221,222,223,224,225,226,227,228,229,230,231,232,233,234,235,236,237,238,239,240,241,242,243,244,245,246,247,248,249,250,251,252,253,254,255,256,257,258,259,260,261,262,263,264,265,266,267,268,269,270,271,272,273,274,275,276,277,278,279,280,281,282,283,284,285,286,287,288,289,290,291,292,293,294,295,296,297,298,299,300,301,302,303,304,305,306,307,308,309,310,311,312,313,314,315,316,317,318,319,320,321,322,323,324,325,326,327,328,329,330,331,332,333,334,335,336,337,338,339,340,341,342,343,344,345,346,347,348,349,350,351,352,353,354,355,356,357,358,359,360,361,362,363,364,365,366,367,368,369
The Reserve Bank of India Act, 1934.json	104	104	MISSING	62,63,64,65,66,67,68,69,70,71,72,73,74,75,76,77,78,79,80,81,82,83,84,85,86,87,88,89,90,91,92,93,94,95,96,97,98,99,100,101,102,103,104
The Tobacco Cess Act, 1975.json	9	9	MISSING	8,9
The Tokyo Convention Act, 1975.json	10	10	MISSING	1
The Trade Marks Act, 1999.json	165	165	MISSING	45,160,161,162,163,164,165
The Trade Unions Act, 1926.json	35	35	MISSING	34,35
The Trading With The Enemy (Continuance Of Emergency Provisions) Act, 1947.json	7	7	MISSING	7
The Transfer Of Evacuee Deposits Act, 1954.json	15	15	MISSING	15
The Tripura University Act, 2006.json	455	455	MISSING	167,168,169,170,171,172,173,174,175,176,177,178,179,180,181,182,183,184,185,186,187,188,189,190,191,192,193,194,195,196,197,198,199,200,201,202,203,204,205,206,207,208,209,210,211,212,213,214,215,216,217,218,219,220,221,222,223,224,225,226,227,228,229,230,231,232,233,234,235,236,237,238,239,240,241,242,243,244,245,246,247,248,249,250,251,252,253,254,255,256,257,258,259,260,261,262,263,264,265,266,267,268,269,270,271,272,273,274,275,276,277,278,279,280,281,282,283,284,285,286,287,288,289,290,291,292,293,294,295,296,297,298,299,300,301,302,303,304,305,306,307,308,309,310,311,312,313,314,315,316,317,318,319,320,321,322,323,324,325,326,327,328,329,330,331,332,333,334,335,336,337,338,339,340,341,342,343,344,345,346,347,348,349,350,351,352,353,354,355,356,357,358,359,360,361,362,363,364,365,366,367,368,369,370,371,372,373,374,375,376,377,378,379,380,381,382,383,384,385,386,387,388,389,390,391,392,393,394,395,396,397,398,399,400,401,402,403,404,405,406,407,408,409,410,411,412,413,414,415,416,417,418,419,420,421,422,423,424,425,426,427,428,429,430,431,432,433,434,435,436,437,438,439,440,441,442,443,444,445,446,447,448,449,450,451,452,453,454,455
The Two-Member Constituencies (Abolition) Act, 1961.json	10	10	MISSING	9,10
The Tyre Corporation Of India Limited (Disinvestment Of Ownership) Act, 2007.json	7	7	MISSING	7
The Unclaimed Deposits Act, 1866.json	8	8	MISSING	5,6,7,8
The Unclaimed Deposits Act, 1870.json	2	2	MISSING	2
The Union Duties Of Excise (Electricity) Distribution Act, 1980.json	6	6	MISSING	6
The Union Duties Of Excise (Electricity) Distribution Repeal Act, 2006.json	4	4	MISSING	4
The Union Territories (Direct Election To The house Of The People) Act, 1965.json	7	7	MISSING	7
The Union Territory Goods and Services Tax Act, 2017.json	28	28	MISSING	27,28
The Unit Trust Of India (Transfer Of Undertaking And Repeal) Act, 2002.json	94	94	MISSING	44,45,46,47,48,49,50,51,52,53,54,55,56,57,58,59,60,61,62,63,64,65,66,67,68,69,70,71,72,73,74,75,76,77,78,79,80,81,82,83,84,85,86,87,88,89,90,91,92,93,94
The Unit Trust Of India Act, 1963.json	60	60	MISSING	46,47,48,49,50,51,52,53,54,55,56,57,58,59,60
The University Of Allahabad Act, 2005.json	89	89	MISSING	47,48,49,50,51,52,53,54,55,56,57,58,59,60,61,62,63,64,65,66,67,68,69,70,71,72,73,74,75,76,77,78,79,80,81,82,83,84,85,86,87,88,89
The Unlawful Activities (Prevention) Act, 1967.json	128	128	MISSING	54,55,56,57,58,59,60,61,62,63,64,65,66,67,68,69,70,71,72,73,74,75,76,77,78,79,80,81,82,83,84,85,86,87,88,89,90,91,92,93,94,95,96,97,98,99,100,101,102,103,104,105,106,107,108,109,110,111,112,113,114,115,116,117,118,119,120,121,122,123,124,125,126,127,128
The Unorganised Workers Social Security Act, 2008.json	33	33	MISSING	18,19,20,21,22,23,24,25,26,27,28,29,30,31,32,33
The Urban Land (Ceiling And Regulation) Act, 1976.json	7	7	MISSING	6,7
Tobacco Board Act, 1975.json	41	41	MISSING	34,35,36,37,38,39,40,41
Union Territories (Stamp And Court-Fees Laws) Act, 1961.json	7	7	MISSING	7
United Nations (Privileges and Immunities) Act, 1947.json	6	6	MISSING	5,6
University of Hyderabad Act, 1974.json	83	83	MISSING	42,43,44,45,46,47,48,49,50,51,52,53,54,55,56,57,58,59,60,61,62,63,64,65,66,67,68,69,70,71,72,73,74,75,76,77,78,79,80,81,82,83
Vaccination Act, 1880.json	45	45	MISSING	24,25,26,27,28,29,30,31,32,33,34,35,36,37,38,39,40,41,42,43,44,45
Veternary Council Act, 1984.json	66	66	MISSING	10
Vice-President's Pension Act, 1997.json	8	8	MISSING	7,8
Victoria Memorial Act, 1903.json	7	7	MISSING	6,7
Vishva Bharati Act, 1951.json	55	55	MISSING	46,47,48,49,50,51,52,53,54,55
Voluntary Deposits (Immunities and Exemptions) Act, 1991.json	6	6	MISSING	6
Voluntary Disclosure of Income and Wealth Act, 1976.json	23	23	MISSING	23
Voluntary Surrender of Salaries (Exemption from Taxation) Act, 1961.json	7	7	MISSING	6,7
Waqf Act, 1995.json	118	118	MISSING	98,114,115,116,117,118
War Injuries (Compensation Insurance) Act, 1943.json	24	24	MISSING	22,23,24
Warehousing Corporation (Supplementary) Act, 1965.json	5	5	MISSING	3,4,5
Warehousing Corporations Act, 1962.json	45	45	MISSING	44,45
Waste Land (Claims) Act, 1863.json	13	13	MISSING	4,5,6,7,8,9,10,11,12,13
Water (Prevention and Control of Pollution) Act, 1974.json	69	69	MISSING	65,66,67,68,69
Wealth-tax Act, 1957.json	96	96	MISSING	12,48,49,50,51,52,53,54,55,56,57,58,59,60,61,62,63,64,65,66,67,68,69,70,71,72,73,74,75,76,77,78,79,80,81,82,83,84,85,86,87,88,89,90,91,92,93,94,95,96
Weapons of Mass Destruction and Their Delivery Systems (Prohibition of Unlawful Activities) Act, 2005.json	1	1	MISSING	1
West Bengal Legislative Council (Abolition) Act, 1969.json	10	10	MISSING	10
Wild Life (Protection) Act, 1972.json	2343	2343	MISSING	1125,1135,1136,1137,1138,1139,1140,1141,1142,1143,1144,1145,1146,1147,1148,1149,1150,1151,1152,1153,1154,1155,1156,1157,1158,1159,1160,1161,1162,1163,1164,1165,1166,1167,1168,1169,1170,1171,1172,1173,1174,1175,1176,1177,1178,1179,1180,1181,1182,1183,1184,1185,1186,1187,1188,1189,1190,1191,1192,1193,1194,1195,1196,1197,1198,1199,1200,1201,1202,1203,1204,1205,1206,1207,1208,1209,1210,1211,1212,1213,1214,1215,1216,1217,1218,1219,1220,1221,1222,1223,1224,1225,1226,1227,1228,1229,1230,1231,1232,1233,1234,1235,1236,1237,1238,1239,1240,1241,1242,1243,1244,1245,1246,1247,1248,1249,1250,1251,1252,1253,1254,1255,1256,1257,1258,1259,1260,1261,1262,1263,1264,1265,1266,1267,1268,1269,1270,1271,1272,1273,1274,1275,1276,1277,1278,1279,1280,1281,1282,1283,1284,1285,1286,1287,1288,1289,1290,1291,1292,1293,1294,1295,1296,1297,1298,1299,1300,1301,1302,1303,1304,1305,1306,1307,1308,1309,1310,1311,1312,1313,1314,1315,1316,1317,1318,1319,1320,1321,1322,1323,1324,1325,1326,1327,1328,1329,1330,1331,1332,1333,1334,1335,1336,1337,1338,1339,1340,1341,1342,1343,1344,1345,1346,1347,1348,1349,1350,1351,1352,1353,1354,1355,1356,1357,1358,1359,1360,1361,1362,1363,1364,1365,1366,1367,1368,1369,1370,1371,1372,1373,1374,1375,1376,1377,1378,1379,1380,1381,1382,1383,1384,1385,1386,1387,1388,1389,1390,1391,1392,1393,1394,1395,1396,1397,1398,1399,1400,1401,1402,1403,1404,1405,1406,1407,1408,1409,1410,1411,1412,1413,1414,1415,1416,1417,1418,1419,1420,1421,1422,1423,1424,1425,1426,1427,1428,1429,1430,1431,1432,1433,1434,1435,1436,1437,1438,1439,1440,1441,1442,1443,1444,1445,1446,1447,1448,1449,1450,1451,1452,1453,1454,1455,1456,1457,1458,1459,1460,1461,1462,1463,1464,1465,1466,1467,1468,1469,1470,1471,1472,1473,1474,1475,1476,1477,1478,1479,1480,1481,1482,1483,1484,1485,1486,1487,1488,1489,1490,1491,1492,1493,1494,1495,1496,1497,1498,1499,1500,1501,1502,1503,1504,1505,1506,1507,1508,1509,1510,1511,1512,1513,1514,1515,1516,1517,1518,1519,1520,1521,1522,1523,1524,1525,1526,1527,1528,1529,1530,1531,1532,1533,1534,1535,1536,1537,1538,1539,1540,1541,1542,1543,1544,1545,1546,1547,1548,1549,1550,1551,1552,1553,1554,1555,1556,1557,1558,1559,1560,1561,1562,1563,1564,1565,1566,1567,1568,1569,1570,1571,1572,1573,1574,1575,1576,1577,1578,1579,1580,1581,1582,1583,1584,1585,1586,1587,1588,1589,1590,1591,1592,1593,1594,1595,1596,1597,1598,1599,1600,1601,1602,1603,1604,1605,1606,1607,1608,1609,1610,1611,1612,1613,1614,1615,1616,1617,1618,1619,1620,1621,1622,1623,1624,1625,1626,1627,1628,1629,1630,1631,1632,1633,1634,1635,1636,1637,1638,1639,1640,1641,1642,1643,1644,1645,1646,1647,1648,1649,1650,1651,1652,1653,1654,1655,1656,1657,1658,1659,1660,1661,1662,1663,1664,1665,1666,1667,1668,1669,1670,1671,1672,1673,1674,1675,1676,1677,1678,1679,1680,1681,1682,1683,1684,1685,1686,1687,1688,1689,1690,1691,1692,1693,1694,1695,1696,1697,1698,1699,1700,1701,1702,1703,1704,1705,1706,1707,1708,1709,1710,1711,1712,1713,1714,1715,1716,1717,1718,1719,1720,1721,1722,1723,1724,1725,1726,1727,1728,1729,1730,1731,1732,1733,1734,1735,1736,1737,1738,1739,1740,1741,1742,1743,1744,1745,1746,1747,1748,1749,1750,1751,1752,1753,1754,1755,1756,1757,1758,1759,1760,1761,1762,1763,1764,1765,1766,1767,1768,1769,1770,1771,1772,1773,1774,1775,1776,1777,1778,1779,1780,1781,1782,1783,1784,1785,1786,1787,1788,1789,1790,1791,1792,1793,1794,1795,1796,1797,1798,1799,1800,1801,1802,1803,1804,1805,1806,1807,1808,1809,1810,1811,1812,1813,1814,1815,1816,1817,1818,1819,1820,1821,1822,1823,1824,1825,1826,1827,1828,1829,1830,1831,1832,1833,1834,1835,1836,1837,1838,1839,1840,1841,1842,1843,1844,1845,1846,1847,1848,1849,1850,1851,1852,1853,1854,1855,1856,1857,1858,1859,1860,1861,1862,1863,1864,1865,1866,1867,1868,1869,1870,1871,1872,1873,1874,1875,1876,1877,1878,1879,1880,1881,1882,1883,1884,1885,1886,1887,1888,1889,1890,1891,1892,1893,1894,1895,1896,1897,1898,1899,1900,1901,1902,1903,1904,1905,1906,1907,1908,1909,1910,1911,1912,1913,1914,1915,1916,1917,1918,1919,1920,1921,1922,1923,1924,1925,1926,1927,1928,1929,1930,1931,1932,1933,1934,1935,1936,1937,1938,1939,1940,1941,1942,1943,1944,1945,1946,1947,1948,1949,1950,1951,1952,1953,1954,1955,1956,1957,1958,1959,1960,1961,1962,1963,1964,1965,1966,1967,1968,1969,1970,1971,1972,1973,1974,1975,1976,1977,1978,1979,1980,1981,1982,1983,1984,1985,1986,1987,1988,1989,1990,1991,1992,1993,1994,1995,1996,1997,1998,1999,2000,2001,2002,2003,2004,2005,2006,2007,2008,2009,2010,2011,2012,2013,2014,2015,2016,2017,2018,2019,2020,2021,2022,2023,2024,2025,2026,2027,2028,2029,2030,2031,2032,2033,2034,2035,2036,2037,2038,2039,2040,2041,2042,2043,2044,2045,2046,2047,2048,2049,2050,2051,2052,2053,2054,2055,2056,2057,2058,2059,2060,2061,2062,2063,2064,2065,2066,2067,2068,2069,2070,2071,2072,2073,2074,2075,2076,2077,2078,2079,2080,2081,2082,2083,2084,2085,2086,2087,2088,2089,2090,2091,2092,2093,2094,2095,2096,2097,2098,2099,2100,2101,2102,2103,2104,2105,2106,2107,2108,2109,2110,2111,2112,2113,2114,2115,2116,2117,2118,2119,2120,2121,2122,2123,2124,2125,2126,2127,2128,2129,2130,2131,2132,2133,2134,2135,2136,2137,2138,2139,2140,2141,2142,2143,2144,2145,2146,2147,2148,2149,2150,2151,2152,2153,2154,2155,2156,2157,2158,2159,2160,2161,2162,2163,2164,2165,2166,2167,2168,2169,2170,2171,2172,2173,2174,2175,2176,2177,2178,2179,2180,2181,2182,2183,2184,2185,2186,2187,2188,2189,2190,2191,2192,2193,2194,2195,2196,2197,2198,2199,2200,2201,2202,2203,2204,2205,2206,2207,2208,2209,2210,2211,2212,2213,2214,2215,2216,2217,2218,2219,2220,2221,2222,2223,2224,2225,2226,2227,2228,2229,2230,2231,2232,2233,2234,2235,2236,2237,2238,2239,2240,2241,2242,2243,2244,2245,2246,2247,2248,2249,2250,2251,2252,2253,2254,2255,2256,2257,2258,2259,2260,2261,2262,2263,2264,2265,2266,2267,2268,2269,2270,2271,2272,2273,2274,2275,2276,2277,2278,2279,2280,2281,2282,2283,2284,2285,2286,2287,2288,2289,2290,2291,2292,2293,2294,2295,2296,2297,2298,2299,2300,2301,2302,2303,2304,2305,2306,2307,2308,2309,2310,2311,2312,2313,2314,2315,2316,2317,2318,2319,2320,2321,2322,2323,2324,2325,2326,2327,2328,2329,2330,2331,2332,2333,2334,2335,2336,2337,2338,2339,2340,2341,2342,2343
Wireless Telegraphy Act, 1933.json	12	12	MISSING	12
Women and Children Institutions (Licensing) Act, 1956.json	13	13	MISSING	13
Working Journalists (Fixation of Rates of Wages) Act, 1958.json	15	15	MISSING	15
Working Journalists and Other Newspaper Employees (Conditions of Service) and Miscellaneous Provisions Act, 1955.json	31	31	MISSING	22,23,24,25,26,27,28,29,30,31
Works of Defence Act, 1903.json	45	45	MISSING	45
A.P.J. Abdul Kalam Technological University Act.json	76	76	OK	
Abducted Persons (Recovery and Restoration) Act, 1949.json	11	11	OK	
Abetment of Offences Act.json	4	4	OK	
Abolition of Privy Council Jurisdiction Act.json	10	10	OK	
Acquisition of Certain Area at Ayodhya Act, 1993.json	13	13	OK	
Actuaries Act, 2006.json	59	59	OK	
Administrative Tribunals Act, 1985.json	37	37	OK	
Administrators-General Act, 1963.json	64	64	OK	
Advocates' Welfare Fund Act, 2001.json	38	38	OK	
Anti-Hijacking Act, 2016.json	21	21	OK	
Arbitration (Protocol and Convention) Act, 1937.json	10	10	OK	
Armed Forces Tribunal Act, 2007.json	43	43	OK	
Arya Marriage Validation Act, 1937.json	2	2	OK	
Asian Refractories Limited (Acquisition of Undertakings) Act, 1971.json	11	11	OK	
Assam Rifles Act, 2006.json	168	168	OK	
Auroville (Emergency Provisions) Act, 1980.json	18	18	OK	
Auroville Foundation Act, 1988.json	34	34	OK	
Beedi Workers Welfare Fund Act, 1976.json	12	12	OK	
Bengal Indigo Contracts Act.json	5	5	OK	
Biological Diversity Act, 2002.json	65	65	OK	
Black Money  (Undisclosed Foreign Income and Assets) and Imposition of Tax Act, 2015.json	88	88	OK	
Building and Other Construction Worker's Welfare Cess Act, 1996.json	15	15	OK	
Bureau of Indian Standards Act, 2016.json	43	43	OK	
Central Industrial Security Force (Amendment And Validation) Act, 1999.json	10	10	OK	
Chandigarh (Delegation of Powers) Act, 1987.json	4	4	OK	
Christian Marriage Act,1872.json	88	88	OK	
Cigarettes and other Tobacco Products (Prohibition of Advertisement and Regulation of Trade and Commerce, Production, Supply and Distribution) Act, 2003.json	33	33	OK	
Civil Liability for Nuclear Damage Act, 2010.json	49	49	OK	
Clinical Establishments (Registration and Regulation) Act, 2010.json	56	56	OK	
Coal Mines (Special Provisions) Act, 2015.json	33	33	OK	
Coinage Act, 2011.json	28	28	OK	
Commission for Protection of Child Rights Act, 2005.json	37	37	OK	
Contempt of Courts Act, 1971.json	24	24	OK	
Control of National Highways (Land and Traffic) Act, 2002.json	50	50	OK	
Dalmia Dadri Cement Limited (Acquisition and Transfer of Undertakings) Act, 1981.json	32	32	OK	
Dangerous Machines (Regulation) Act, 1983.json	38	38	OK	
Delhi Laws (Special Provisions) Act, 2006.json	5	5	OK	
Delhi Municipal Corporation (Validation of Electricity Tax) Act and Other Laws (Repeal) Act, 2002.json	2	2	OK	
Departmental Enquiries (Enforcement of Attendance of Witnesses and Production of Documents) Act, 1972.json	3	3	OK	
Designs Act, 2000.json	48	48	OK	
Destructive Insects and Pests (Amendment and Validation) Act, 1992.json	4	4	OK	
Disaster Management Act, 2005.json	79	79	OK	
Disturbed Areas (Special Courts) Act, 1976.json	10	10	OK	
Dourine Act, 1910.json	16	16	OK	
Economic Offences (Inapplicability of Limitation) Act, 1974.json	2	2	OK	
Election Commission (Conditions of Service of Election Commissioners and Transaction of Business) Act, 1991.json	10	10	OK	
Emergency Risks (Goods) Insurance Act, 1971.json	17	17	OK	
Emigration Act, 1983.json	45	45	OK	
Employment Exchanges (Compulsory Notification of Vacancies) Act, 1959.json	10	10	OK	
Equal Remuneration Act, 1976.json	18	18	OK	
Essential Services Maintenance Act, 1968.json	9	9	OK	
Estate Duty Act, 1953.json	85	85	OK	
Evacuee Interest (Seperation) Act, 1951.json	23	23	OK	
Expenditure-tax Act, 1987.json	33	33	OK	
Export-Import Bank of India Act, 1981.json	41	41	OK	
Faridabad Development Corporation Act, 1956.json	36	36	OK	
Gram Nyayalayas Act, 2008.json	40	40	OK	
Immoral Traffic (Prevention) Act, 1956.json	25	25	OK	
Improvements in Town Act.json	7	7	OK	
Indecent Representation of Women (Prohibition) Act, 1986.json	10	10	OK	
Indian Tolls Act, 1864.json	4	4	OK	
Industrial Development Bank (Transfer of Undertaking and Repeal) Act, 2003.json	15	15	OK	
Industrial Disputes (Banking Companies) Decision Act, 1955.json	6	6	OK	
Industrial Reconstruction Bank (Transfer of Undertakings and Repeal) Act, 1997.json	15	15	OK	
Influx from Pakistan (Control) Repealing Act, 1952.json	3	3	OK	
Insurance Regulatory and Development Authority Act, 1999.json	32	32	OK	
Intelligence Organisations (Restriction of Rights) Act, 1985.json	7	7	OK	
Iron Ore Mines, Manganese Ore Mines and Chrome Ore Mines Labour Welfare Fund Act, 1976.json	12	12	OK	
Jammu and Kashmir Representation of.json	3	3	OK	
Madras Rent and Revenue Sale Act.json	6	6	OK	
Madras Revenue Commissioner Act.json	4	4	OK	
Maintenance and Welfare of Parents and Senior Citizens Act, 2007.json	32	32	OK	
Manipur (Hill Area) District Councils Act, 1971.json	53	53	OK	
Marine Products Export Development Authority Act, 1972.json	34	34	OK	
Maritime Zones of India (Regulation of Fishing by Foreign Vessels) Act, 1981.json	26	26	OK	
Marriages Validation Act, 1892.json	6	6	OK	
Married Women's Property Act, 1874.json	10	10	OK	
Mental Health Act, 1987.json	98	98	OK	
Mental Healthcare Act, 2017.json	126	126	OK	
Metal Corporation (Nationalisation and Miscellaneous Provisions) Act, 1976.json	25	25	OK	
Metro Railways (Operation and Maintenance) Act, 2002.json	105	105	OK	
Micro, Small and Medium Enterprises Development Act, 2006.json	32	32	OK	
Mogul Line Limited (Acquisition of Shares) Act, 1984.json	8	8	OK	
Motor Transport Workers Act, 1961.json	40	40	OK	
Muslim Personal Law (Shariat) Application Act, 1937.json	6	6	OK	
NTPC, NHPC and NEEPCO (Acquisition and Transfer of Power Transmission Systems) Act, 1993.json	17	17	OK	
Procedure Of The High Court For Uttar Pradesh Act, 1869.json	4	4	OK	
Public Accountants' Default Act, 1850.json	6	6	OK	
Railway Board Act, 1905.json	4	4	OK	
Railway Companies (Substitution of Parties in Civil Proceedings) Act, 1946.json	3	3	OK	
Railways (Local Authorities Taxation) Act, 1941.json	5	5	OK	
Raipur and Khattra Laws Act, 1879.json	4	4	OK	
Rajghat Samadhi Act, 1951.json	92	92	OK	
Rajiv Gandhi National Institute of Youth Development Act, 2012.json	46	46	OK	
Rampur Raza Library Act, 1975.json	29	29	OK	
Red Cross Society (Allocation of Property) Act, 1936.json	4	4	OK	
Reformatory Schools Act, 1897.json	32	32	OK	
Regional Centre for Biotechnology Act, 2016.json	46	46	OK	
Registration of Foreigners Act, 1939.json	9	9	OK	
Repealing and Amending Act, 1978.json	4	4	OK	
Repealing and Amending Act, 1988.json	4	4	OK	
Requisitioning and Acquisition of Immovable Property Act, 1952.json	26	26	OK	
Reserve and Auxiliary Air Forces Act, 1952.json	36	36	OK	
Resettlement of Displaced Persons (Land Acquisition) Act, 1948.json	15	15	OK	
Rifles Act, 1920.json	2	2	OK	
River Boards Act, 1956.json	29	29	OK	
Saarc Convention (Suppression of Terrorism) Act, 1993.json	8	8	OK	
Salar Jung Museum Act, 1961.json	28	28	OK	
Sales Promotion Employees (Condition of Service) Act, 1976.json	12	12	OK	
Sales Tax Laws Validation Act, 1956.json	3	3	OK	
Sashastra Seema Bal Act, 2007.json	156	156	OK	
Scheduled Tribes and Other Traditional Forest Dwellers (Recognition of Forest Rights) Act, 2006.json	14	14	OK	
Science and Engineering Research Board Act, 2008.json	22	22	OK	
Semiconductor Integrated Circuits Layout-Design Act, 2000.json	96	96	OK	
Sexual Harassment of Women at Workplace (Prevention, Prohibition and Redressal) Act, 2013..json	30	30	OK	
Shillong (Rifle Range and Umlong) Cantonments Asimilation of Laws Act, 1954.json	4	4	OK	
Shipping Development Fund Committee (Abolition) Act, 1986.json	20	20	OK	
Shore Nuisances (Bombay and Kolaba) Act, 1853.json	8	8	OK	
Short Titles Act, 1897.json	2	2	OK	
Sick Gurdwaras (Supplementary) Act, 1925.json	2	2	OK	
Sick Textiles Undertakings (Taking Over of Management) Act, 1972.json	18	18	OK	
Sikkim University Act, 2006.json	12	12	OK	
Smith Stanistreet and Company Limited (Acquisition and Transfer of Undertakings) Act, 1977.json	34	34	OK	
Special Economic Zones Act, 2005.json	58	58	OK	
Specified Bank Notes (Cessation of Liabilities) Act, 2017.json	13	13	OK	
Sports Broadcasting Signals (Mandatory Sharing with Prasar Bharati) Act, 2007.json	10	10	OK	
St. John Ambulance Association (India) Transfer of Funds Act, 1956.json	2	2	OK	
Standards of Weights and Measures (Enforcement) Act, 1985.json	75	75	OK	
Stastical Institute Act, 1959.json	12	12	OK	
State Agricultural Credit Corporations Act, 1968.json	48	48	OK	
State Armed Police (Extension of Laws) Act, 1952.json	5	5	OK	
Street Vendors (Protection of Livelihood and Regulation of Street Vending) Act, 2014.json	39	39	OK	
Sugar (Regulation of Production) Act, 1961.json	8	8	OK	
Sugar (Special Excise Duty) Act, 1959.json	5	5	OK	
Sugar Cess Act, 1982.json	6	6	OK	
Sugarcane (U. P.) (Validation) Act, 1961.json	4	4	OK	
Sugarcane Cess (Validation) Act, 1961.json	5	5	OK	
Sugarcane Control (Additional Powers) Act, 1962.json	2	2	OK	
Suits Validation Act, 1887.json	2	2	OK	
Suppression of Unlawful Acts Against Safety of Maritime Navigation and Fixed Platforms on Continental Shele Act, 2002.json	14	14	OK	
Supreme Court (Number of Judges) Act, 1956.json	2	2	OK	
THE NATIONAL CAPITAL TERRITORY OF DELHI LAWS (SPECIAL PROVISIONS) ACT, 2011.json	6	6	OK	
THE NATIONAL LIBRARY OF INDIA ACT, 1976.json	31	31	OK	
THE NATIONAL WATERWAY (SADIYA DHUBRI STRETCH OF THE BRAHMAPUTRA RIVER) ACT, 1988.json	3	3	OK	
THE ORPHANAGES AND OTHER CHARITABLE HOMES (SUPERVISION AND CONTROL) ACT, 1960.json	31	31	OK	
THE PENSION FUND REGULATORY AND DEVELOPMENT AUTHORITY ACT, 2013.json	56	56	OK	
THE PREVENTION OF FOOD ADULTERATION (EXTENSION TO ROHIMA AND MOKOKCCHUNG DISTRICTS) ACT, 1972.json	2	2	OK	
THE UNTOUCHABILITY (OFFENCES) AMENDMENT AND MISCELLANEOUS PROVISION ACT, 1976.json	6	6	OK	
Tamil Nadu Legislative Council (Abolition) Act, 1986.json	9	9	OK	
Tamil Nadu Legislative Council Act, 2010.json	4	4	OK	
Tarrif Commission (Repeal) Act, 1976.json	3	3	OK	
Tea Companies (Acquisition and Transfer of Sick Tea Units) Act, 1985.json	34	34	OK	
Tea Districts Emigrant Labour (Repeal) Act, 1970.json	2	2	OK	
Technology Development Board Act, 1995.json	23	23	OK	
Terminal Tax on Railway Passengers Act, 1956.json	9	9	OK	
Territorial Waters Jurisdiction Act, 1878.json	7	7	OK	
The Bengal Land-Holders' Attendance Act.json	7	7	OK	
The Food Safety And Standards Act, 2006.json	101	101	OK	
The Foreign Contribution (Regulation) Act, 1976.json	32	32	OK	
The Foreign Marriage Act, 1969.json	30	30	OK	
The Futwah-Islampur Light Railway Line (Nationalisation) Act, 1985.json	18	18	OK	
The Ganesh Flour Mills Company Limited (Acquisition And Transfer Of Undertakings) Act, 1984.json	29	29	OK	
The Geneva Conventions Act, 1960.json	20	20	OK	
The Geographical Indications Of Goods (Registration And Protection) Act, 1999.json	87	87	OK	
The Glanders and Farcy Act, 1899.json	17	17	OK	
The Goa, Daman and Diu (Opinion Poll) Act, 1966.json	35	35	OK	
The Government Securities Act, 2006.json	35	35	OK	
The Gresham And Craven Of Indian (Private) Limited (Acquisition And Transfer Of Undertakings) Act, 1977.json	33	33	OK	
The Haj Committee Act, 2002.json	52	52	OK	
The High Court at Bombay (Extension of Jurisdiction to Goa, Daman and Diu) Act, 1981.json	14	14	OK	
The High Court at Patna (Establishment of a Permanent Bench at Ranchi) Act, 1976.json	2	2	OK	
The High Denomination Bank Notes (Demonetisation) Act, 1978.json	15	15	OK	
The Hind Cycles And Sen-Raleigh Limited (Nationalisation) Act, 1980.json	33	33	OK	
The Hindu Adoptions And Maintenance Act, 1956.json	30	30	OK	
The Hindu Gains of Learning Act, 1930.json	4	4	OK	
The Hindu Inheritance (Removal Of Disabilities) Act, 1928.json	3	3	OK	
The Hindu Minority And Guardianship Act, 1956.json	13	13	OK	
The Hindu Succession Act, 1956.json	31	31	OK	
The Indian Christian Marriage Act, 1872.json	88	88	OK	
The Indian Institutes of Information Technology Act, 2014.json	50	50	OK	
The Indian Tolls Act, 1888.json	5	5	OK	
The Jayanti Shipping Company (Acqui.json	18	18	OK	
The Judges (Inquiry) Act, 1968.json	7	7	OK	
The Judges (Protection) Act, 1985.json	4	4	OK	
The Judicial Officers Protection Ac.json	1	1	OK	
The Junagadh Administration (Proper.json	9	9	OK	
The Jute Manufactures Development C.json	25	25	OK	
The Juvenile Justice (Care and Prot.json	112	112	OK	
The Juvenile Justice Act, 1986.json	63	63	OK	
The Kazis Act, 1880.json	4	4	OK	
The Khaddar (Protection Of Name) Ac.json	3	3	OK	
The Khuda Baksh Oriental Public Lib.json	28	28	OK	
The Labour Laws (Exemption from Fur.json	8	8	OK	
The Lady Hardinge Medical College a.json	19	19	OK	
The Lalit Kala Akadami (Taking Over.json	16	16	OK	
The Land Acquisition (Mines) Act, 1.json	17	17	OK	
The Land Ports Authority of India A.json	37	37	OK	
The Legal Metrology Act, 2009.json	57	57	OK	
The Lepers (Maharashtra Repeal) Act.json	3	3	OK	
The Levy Sugar Price Equalisation F.json	16	16	OK	
The Life Insurance Corporation (Mod.json	3	3	OK	
The Local Authorities Pensions And.json	5	5	OK	
The Lotteries (Regulation) Act, 199.json	13	13	OK	
The Madhya Bharat Taxes On Income (.json	4	4	OK	
The Mahatma Gandhi National Rural E.json	34	34	OK	
The National Cadet Corps Act, 1948.json	13	13	OK	
The National Capital Territory Of Delhi Laws (Special Provisions) Second Act, 2009.json	5	5	OK	
The National Commission For Backward Classes Act, 1993.json	19	19	OK	
The National Commission For Minorities Act, 1992.json	16	16	OK	
The National Commission For Safai Karamcharis Act, 1993.json	15	15	OK	
The National Commission For Women Act, 1990.json	17	17	OK	
The National Company Limited (Acquisition And Transfer Of Undertakings) Act, 1980.json	35	35	OK	
The National Environment Tribunal Act, 1995.json	31	31	OK	
The National Institute of Fashion Technology Act, 2006.json	34	34	OK	
The National Judicial Appointments Commission Act, 2014.json	14	14	OK	
The National Jute Board Act, 2008.json	26	26	OK	
The National Oilseeds And Vegetable Oils Development Board Act, 1983.json	21	21	OK	
The National Security Guard Act, 1986.json	140	140	OK	
The National Service Act, 1972.json	38	38	OK	
The National Trust for Welfare of Persons with Autism, Cerebral Palsy, Mental Retardation and Multiple Disabilities Act, 1999.json	36	36	OK	
The National Waterways Act, 2016.json	5	5	OK	
The Naval And Aircraft Prize Act, 1971.json	20	20	OK	
The Neyveli Lignite Corporation Limited (Acquisition and Transfer of Power Transmission System) Act, 1994.json	16	16	OK	
The Notaries Act, 1952.json	16	16	OK	
The Oaths Act, 1969.json	9	9	OK	
The Obstructions in Fairways Act, 1881.json	13	13	OK	
The Official Languages Act, 1963.json	9	9	OK	
The Official Secrets Act, 1923.json	16	16	OK	
The Orissa Alteration Of Name Act, 2011.json	10	10	OK	
The Parliament (Prevention Of Disqualification) Act, 1959.json	5	5	OK	
The Part B States Marriages Validating Act, 1952.json	3	3	OK	
The Partition Act, 1893.json	10	10	OK	
The Persons With Disabilities (Equal Opportunities, Protection Of Rights And Full Participation) Act, 1995.json	74	74	OK	
The Petroleum And Natural Gas Regulatory Board Act, 2006.json	63	63	OK	
The Police Act, 1949.json	7	7	OK	
The President (Discharge of Functions) Act, 1969.json	3	3	OK	
The Press Council Act, 1978.json	27	27	OK	
The Prevention And Control Of Infectious And Contagious Diseases In Animals Act, 2009.json	45	45	OK	
The Prevention Of Damage To Public Property Act, 1984.json	7	7	OK	
The Prevention of Illicit Traffic in Narcotic Drugs and Psychotropic Substances Act, 1988.json	16	16	OK	
The Prisoners (Attendance in Courts) Act, 1955.json	10	10	OK	
The Private Security Agencies (Regulation) Act, 2005.json	25	25	OK	
The Prize Chits and Money Circulation Schemes (Banning) Act, 1978.json	14	14	OK	
The Prohibition Of Employment As Manual Scavengers And Their Rehabilitation Act, 2013.json	39	39	OK	
The Protection Of Plant Varieties And Farmers Rights Act, 2001.json	97	97	OK	
The Protection of Human Rights Act, 1993.json	43	43	OK	
The Public Financial Institutions (Obligation As To Fidelity And Secrecy) Act, 1983.json	6	6	OK	
The Public Provident Fund Act, 1968.json	12	12	OK	
The Punjab Disturbed Areas Act, 1983.json	7	7	OK	
The Repealing and Amending Act, 201.json	4	4	OK	
The Trade And Merchandise Marks Act, 1958.json	136	136	OK	
The Transfer of Prisoners Act, 1950.json	4	4	OK	
The Transplantation Of Human Organs and Tissues Act, 1994.json	25	25	OK	
The University Grants Commission Act, 1956.json	28	28	OK	
The Young Persons (Harmful Publicat.json	7	7	OK	
Transformer and Switchgear Limited (Acquisition and Transfer of Undertakings) Act, 1983.json	32	32	OK	
Union Duties of Excise (Distribution) Act, 1979.json	6	6	OK	
Union Territories (Laws) Act, 1950.json	4	4	OK	
United Nations (Security Council) Act, 1947.json	2	2	OK	
Urban Land (Ceiling and Regulation) Repeal Act, 1999.json	5	5	OK	
Usury Laws Repeal Act, 1855.json	9	9	OK	
Warehousing (Development and Regulation) Act, 2007.json	55	55	OK	
Weekly Holidays Act, 1942.json	11	11	OK	
West Godavari District (Assimilation of Laws on Federal Subjects) Act, 1949.json	4	4	OK	
White Phosphorous Matches Prohibition Act, 1913.json	6	6	OK	
Yoga Undertakings (Taking Over of Management) Act, 1977.json	16	16	OK	
A1956-31.json			NO_DECLARED_SECTIONS_COUNT	
A1968-61.json			NO_DECLARED_SECTIONS_COUNT	
Boundary-marks, Bombay Act.json			NO_DECLARED_SECTIONS_COUNT	
Madras City Land Revenue Act.json			NO_DECLARED_SECTIONS_COUNT	
Mulki Rules (Repeal) Act, 1973.json			NO_DECLARED_SECTIONS_COUNT	
Mysore State (Alteration of Name) Act, 1973.json			NO_DECLARED_SECTIONS_COUNT	
New Text Document.json			NO_DECLARED_SECTIONS_COUNT	
Revenue Commissioners, Bombay Act.json			NO_DECLARED_SECTIONS_COUNT	
Securities Act, 1920.json			NO_DECLARED_SECTIONS_COUNT	
State Acquisition of Lands for Union Purposes (Validation) Act, 1954.json			NO_DECLARED_SECTIONS_COUNT	
Taxation Laws (Extension to Jammu and Kashmir) Act, 1954.json			NO_DECLARED_SECTIONS_COUNT	
Taxation Laws (Extension to Merged States and Amendment) Act, 1949.json			NO_DECLARED_SECTIONS_COUNT	
The Laccadive, Minicoy and Amindivi.json			NO_DECLARED_SECTIONS_COUNT	
The Madras State (Alteration of Nam.json			NO_DECLARED_SECTIONS_COUNT	
a1956-53.json			NO_DECLARED_SECTIONS_COUNT	
manipur_panchayati_raj_act,_1994.json			NO_DECLARED_SECTIONS_COUNT	
